-- MySQL dump 10.13  Distrib 5.7.20, for Linux (x86_64)
--
-- Host: localhost    Database: moon_cms
-- ------------------------------------------------------
-- Server version	5.7.20

/*!40101 SET @OLD_CHARACTER_SET_CLIENT=@@CHARACTER_SET_CLIENT */;
/*!40101 SET @OLD_CHARACTER_SET_RESULTS=@@CHARACTER_SET_RESULTS */;
/*!40101 SET @OLD_COLLATION_CONNECTION=@@COLLATION_CONNECTION */;
/*!40101 SET NAMES utf8 */;
/*!40103 SET @OLD_TIME_ZONE=@@TIME_ZONE */;
/*!40103 SET TIME_ZONE='+00:00' */;
/*!40014 SET @OLD_UNIQUE_CHECKS=@@UNIQUE_CHECKS, UNIQUE_CHECKS=0 */;
/*!40014 SET @OLD_FOREIGN_KEY_CHECKS=@@FOREIGN_KEY_CHECKS, FOREIGN_KEY_CHECKS=0 */;
/*!40101 SET @OLD_SQL_MODE=@@SQL_MODE, SQL_MODE='NO_AUTO_VALUE_ON_ZERO' */;
/*!40111 SET @OLD_SQL_NOTES=@@SQL_NOTES, SQL_NOTES=0 */;

--
-- Table structure for table `cms_admin`
--

DROP TABLE IF EXISTS `cms_admin`;
/*!40101 SET @saved_cs_client     = @@character_set_client */;
/*!40101 SET character_set_client = utf8 */;
CREATE TABLE `cms_admin` (
  `admin_id` mediumint(8) unsigned NOT NULL AUTO_INCREMENT,
  `username` varchar(20) NOT NULL,
  `password` varchar(32) NOT NULL,
  `lastloginip` varchar(15) DEFAULT '0',
  `lastlogintime` int(10) unsigned DEFAULT '0',
  `email` varchar(40) DEFAULT NULL,
  `realname` varchar(50) NOT NULL,
  `status` tinyint(4) NOT NULL DEFAULT '1',
  PRIMARY KEY (`admin_id`),
  UNIQUE KEY `username` (`username`)
) ENGINE=MyISAM AUTO_INCREMENT=4 DEFAULT CHARSET=utf8;
/*!40101 SET character_set_client = @saved_cs_client */;

--
-- Dumping data for table `cms_admin`
--

LOCK TABLES `cms_admin` WRITE;
/*!40000 ALTER TABLE `cms_admin` DISABLE KEYS */;
INSERT INTO `cms_admin` VALUES (1,'admin','97b9e6c92120c0e995e258e09506a8ea','0',1512952863,'601631931@qq.com','兔儿月饼',1),(3,'siru','492983f8ea67bb648da7c85f1d7f6d8f','0',1512892198,'601631931@qq.com','siru',1);
/*!40000 ALTER TABLE `cms_admin` ENABLE KEYS */;
UNLOCK TABLES;

--
-- Table structure for table `cms_menu`
--

DROP TABLE IF EXISTS `cms_menu`;
/*!40101 SET @saved_cs_client     = @@character_set_client */;
/*!40101 SET character_set_client = utf8 */;
CREATE TABLE `cms_menu` (
  `menu_id` smallint(5) unsigned NOT NULL AUTO_INCREMENT,
  `name` varchar(40) NOT NULL,
  `parentid` smallint(5) unsigned NOT NULL DEFAULT '0',
  `m` varchar(20) NOT NULL,
  `c` varchar(20) NOT NULL,
  `f` varchar(20) NOT NULL,
  `listorder` smallint(5) unsigned NOT NULL DEFAULT '0',
  `status` tinyint(4) NOT NULL DEFAULT '1',
  `type` tinyint(3) unsigned NOT NULL DEFAULT '0',
  PRIMARY KEY (`menu_id`),
  KEY `parentid` (`parentid`),
  KEY `listorder` (`listorder`),
  KEY `module` (`m`,`c`,`f`)
) ENGINE=MyISAM AUTO_INCREMENT=37 DEFAULT CHARSET=utf8;
/*!40101 SET character_set_client = @saved_cs_client */;

--
-- Dumping data for table `cms_menu`
--

LOCK TABLES `cms_menu` WRITE;
/*!40000 ALTER TABLE `cms_menu` DISABLE KEYS */;
INSERT INTO `cms_menu` VALUES (1,'asdf',0,'fdsa','asdf','qwer',0,-1,1),(2,'asdf',0,'fdsa','asdf','qwer',0,-1,1),(3,'asdf',0,'fdsa','asdf','qwer',0,-1,1),(4,'666666666',0,'22222222222','333333333333','444444444444444',0,-1,1),(5,'asdf',0,'fdsa','asdf','qwer',0,-1,1),(6,'asdf',0,'fdsa','asdf','qwer',0,-1,1),(7,'asdf',0,'fdsa','asdf','qwer',0,-1,1),(8,'asd',0,'asd','f','haha',0,-1,1),(9,'菜单管理',0,'admin','Menu','index',5,1,1),(10,'我是菜单名',0,'model','controller','method',9998,-1,1),(11,'asd',0,'asd','1234','haha',20,-1,1),(12,'666666666',0,'asd','asd','fsa',10000,-1,1),(13,'asdf',0,'1234rt','qedf','sdv',0,-1,1),(14,'asfavdsb',0,'fedsfvdes','edsbgdsrvg','bdfbf',0,-1,0),(15,'123',0,'44321','44312','12345555',0,-1,0),(16,'文章管理',0,'admin','Content','index',4,1,1),(17,'前端导航1',0,'111111','111','11111',9999,-1,0),(18,'1',0,'1','1','1111',0,-1,0),(19,'2222',0,'2222','    adfg ','22',0,-1,0),(20,'23333',0,'23333','222','22',9997,-1,0),(21,'44444455555',0,'333','33','4',0,-1,1),(22,'hhhhhh',0,'77','77','888',0,-1,0),(23,'22222',0,'3333','4','5',0,-1,0),(24,'前端导航2',0,'3333','4','5',0,-1,0),(25,'推荐位管理',0,'admin','Position','index',2,1,1),(26,'推荐位管理',0,'admin','Position','index',0,-1,1),(27,'推荐位管理',0,'admin','Position','index',0,-1,1),(28,'是',0,'是','是','是',0,-1,1),(29,'推荐位内容管理',0,'admin','PositionContent','index',3,1,1),(30,'基本管理',0,'admin','Basic','index',1,1,1),(31,'老司机带带我',0,'admin','laosiji','index',200,0,0),(32,'国内',0,'index','China','index',104,0,0),(33,'国际',0,'index','International','index',103,0,0),(34,'军事',0,'index','Military','index',102,0,0),(35,'体育',0,'index','Physical','index',101,0,0),(36,'用户管理',0,'admin','Admin','index',0,1,1);
/*!40000 ALTER TABLE `cms_menu` ENABLE KEYS */;
UNLOCK TABLES;

--
-- Table structure for table `cms_news`
--

DROP TABLE IF EXISTS `cms_news`;
/*!40101 SET @saved_cs_client     = @@character_set_client */;
/*!40101 SET character_set_client = utf8 */;
CREATE TABLE `cms_news` (
  `news_id` mediumint(8) unsigned NOT NULL AUTO_INCREMENT,
  `catid` smallint(5) unsigned NOT NULL DEFAULT '0',
  `title` varchar(80) NOT NULL,
  `small_title` varchar(30) DEFAULT NULL,
  `title_font_color` varchar(250) DEFAULT NULL,
  `thumb` varchar(100) DEFAULT NULL,
  `keywords` varchar(40) NOT NULL,
  `description` varchar(250) NOT NULL,
  `listorder` tinyint(3) unsigned NOT NULL DEFAULT '0',
  `status` tinyint(4) NOT NULL DEFAULT '1',
  `copyfrom` varchar(250) DEFAULT NULL,
  `username` varchar(20) NOT NULL,
  `create_time` int(10) unsigned NOT NULL DEFAULT '0',
  `update_time` int(10) unsigned NOT NULL DEFAULT '0',
  `count` int(10) unsigned NOT NULL DEFAULT '0',
  PRIMARY KEY (`news_id`),
  KEY `catid` (`catid`),
  KEY `listorder` (`listorder`)
) ENGINE=MyISAM AUTO_INCREMENT=47 DEFAULT CHARSET=utf8;
/*!40101 SET character_set_client = @saved_cs_client */;

--
-- Dumping data for table `cms_news`
--

LOCK TABLES `cms_news` WRITE;
/*!40000 ALTER TABLE `cms_news` DISABLE KEYS */;
INSERT INTO `cms_news` VALUES (1,0,'1234',NULL,NULL,NULL,'keyy','des',0,-1,'$key','',1511964310,1512468215,0),(2,0,'1234',NULL,NULL,NULL,'keyy','des',0,-1,'$key','',1511964314,1512468214,0),(3,0,'1234',NULL,NULL,NULL,'keyy','des',0,-1,'$key','',1511964490,1512468214,0),(4,0,'1234',NULL,NULL,NULL,'keyy','des',0,-1,'$key','',1511964516,1512468214,0),(5,0,'1234',NULL,NULL,NULL,'keyy','des',0,-1,'$key','',1511964790,1512468213,0),(6,0,'1234',NULL,NULL,'','asdfgawev','asdfgawev',0,-1,'2','',1511965140,1512468212,0),(7,0,'1234','4321','#ed568b','','asdfgawev','asdfgawev',0,-1,'3','',1511965444,1512468211,0),(8,0,'1234','4321','#ed568b','','asdfgawev','asdfgawev',0,-1,'3','',1511965466,1512468211,0),(9,0,'1234','4321','#ed568b','','asdfgawev','asdfgawev',0,-1,'3','',1511965739,1512468211,0),(10,0,'1234','4321','#ed568b','/upload/20171129/36e00d0ab5dbf04d5110393e39525135.png','asdfgawev','asdfgawev',0,-1,'3','',1511965901,1512468210,0),(11,0,'21345','6','#ed568b','/upload/20171129/446d8c9bc0cde2fcddd44ae6fc7f6a5a.png','asdfsdagwer','gaertfg',0,-1,'3','admin',1511966042,1512468209,0),(12,0,'21345','6','#ed568b','/upload/20171129/446d8c9bc0cde2fcddd44ae6fc7f6a5a.png','asdfsdagwer','gaertfg',0,-1,'3','admin',1511966046,1512468209,0),(13,0,'asdfwa','gftgq34','#5674ed','','fff','fff',0,-1,'1','admin',1511966274,1512468208,0),(14,0,'asdfwa','gftgq34','#5674ed','','fff','fff',0,-1,'1','admin',1511966277,1512468208,0),(15,0,'asdfwa','gftgq34','#5674ed','','fff','fff',0,-1,'1','admin',1511966326,1512468208,0),(16,0,'asdfwa','gftgq34','#5674ed','','fff','fff',0,-1,'1','admin',1511966503,1512468207,0),(17,0,'asdfwa','gftgq34','#5674ed','','fff','fff',0,-1,'1','admin',1511966542,1512468207,0),(18,0,'asdfwa','gftgq34','#5674ed','','fff','fff',0,-1,'1','admin',1511966568,1512468207,0),(19,0,'asdfwa','gftgq34','#5674ed','','fff','fff',0,-1,'1','admin',1511966624,1512468206,0),(20,0,'asdfwa','gftgq34','#5674ed','','fff','fff',0,-1,'1','admin',1511966638,1512468206,0),(21,0,'asdfwa','gftgq34','#5674ed','','fff','fff',0,-1,'1','admin',1511966656,1512468205,0),(22,0,'asdfwa','gftgq34','#5674ed','','fff','fff',0,-1,'1','admin',1511966660,1512468205,0),(23,0,'asdfwa','gftgq34','#5674ed','','fff','fff',0,-1,'1','admin',1511966859,1512468205,0),(24,0,'1234','3343','#5674ed','/upload/20171129/55fc9b18a1ffe56cbaed3ec0e564801f.jpg','地方撒事发的a','一月又一月晕',0,-1,'1','admin',1511966927,1512468204,0),(25,17,'gsdads','gearhbtgeargv','#5674ed','/upload/20171130/612b3942fb724b9dec923d0e3811bb29.jpg','grevbare','grev',0,-1,'1','',1512013183,1512468204,0),(26,24,'haha','xixi','#ed568b','/upload/20171130/44ad729f4f19f772447acf5122fbbfc0.jpg','111','222',0,-1,'0','admin',1512035720,1512468204,0),(27,17,'快乐运动会','作文300字','#ffffff','/upload/20171201/9916bf3b536ae7098734c503868aaf64.jpg','运动会111222','在这个骄阳似火的夏日里，伴着明媚的阳光，我们学校的校运动会办的热火朝天  111',0,-1,'1','',1512051104,1512468203,0),(28,24,'快乐运动会','作文400字','#ed568b','/upload/20171130/ce4c388a803c7d9b8949e550ebbf4db2.png','运动会','在这个骄阳似火的夏日里，伴着明媚的阳光，我们学校的校运动会办的热火朝天',0,-1,'2','admin',1512054056,1512468202,0),(29,32,'全球互联网治理体系变革进入关键时期 习近平贺信给出中国方案','全球互联网治理体系变革进入关键时期 习近平贺信给出中国方案','#5674ed','/upload/20171205/d61a59a7a9efb7b5ffd35570783790c4.jpg','互联网 中国方案 变革','第四届“世界互联网大会·乌镇峰会”正式拉开大幕。作为中共十九大闭幕后，中国主办的一场重要国际会议，中国方案日益成为国际社会广泛共识.',0,1,'0','admin',1512472096,1512472691,0),(30,32,'习近平接受韩国等11国新任驻华大使递交国书','习近平接受韩国等11国新任驻华大使递交国书','#ffffff','','国书','增进政治互信，深化务实合作并努力取得更多积极成果，加强在国际事务中合作，携手并肩，同舟共济，实现共同发展，为世界和平、稳定、繁荣作出贡献。',0,1,'0','admin',1512472226,1512472226,3),(31,32,'第四届世界互联网大会圆满闭幕 硕果累累','第四届世界互联网大会圆满闭幕 硕果累累','#ffffff','/upload/20171205/d85a9cb6a0c3ed4cfb7bd4552f7bd9db.jpg','互联网','今天中午，第四届世界互联网大会在浙江乌镇落下帷幕。',0,1,'0','admin',1512472330,1512472330,7),(32,32,'教育部：高中纳入义务教育条件不具备 取消中考不实','教育部：高中纳入义务教育条件不具备 取消中考不实','#ffffff','/upload/20171205/7c7c10169525f98e16a1d174a7bca767.jpg','高中 义务教育 教育部','现阶段不可能将九年义务教育升级为十二年制',0,1,'0','admin',1512472421,1512472421,15),(33,32,'BAT掌门人现身互联网之光博览会 为自家品牌站台','BAT掌门人现身互联网之光博览会 为自家品牌站台','#ffffff','/upload/20171205/0d1d29e798cfca87cc449643032dfae5.jpeg','BAT 互联网 博览会','阿里巴巴集团控股有限公司董事局主席马云、百度公司董事长兼首席执行官李彦宏、腾讯控股有限公司董事长兼首席执行官马化腾不约而同现身互联网之光博览会，在展台前为自家企业代言。',0,1,'0','admin',1512472630,1512472630,22),(34,33,'习近平会见加拿大总理特鲁多 ','习近平会见加拿大总理特鲁多 ','#5674ed','/upload/20171205/4780099564935a3a95c700a651432bae.jpg','习近平 特鲁多','习近平欢迎特鲁多再次访华。习近平指出，中加两国领导人保持密切交往，对两国关系发展起到了重要引领作用。',0,1,'0','',1512479748,1512479748,12),(35,34,'首艘国产航母进入最后试验阶段 与辽宁舰有何不同？ ','首艘国产航母进入最后试验阶段 与辽宁舰有何不同？ ','#5674ed','/upload/20171205/22cebc12cb96c1194faf4974466bfb86.jpeg','航母 国产 试验  辽宁舰','我国第一艘完全自主研发制造的国产航母，因为还没有正式命名，所以我们暂时称它为首艘国产航母。它的个头和辽宁舰差不多，都属于中型航母，同样采用滑跃起飞的上翘甲板',0,1,'0','',1512480054,1512480134,0),(36,32,'中消协约谈摩拜、ofo等7家共享单车企业：尽可能免收押金','中消协约谈摩拜、ofo等7家共享单车企业：尽可能免收押金','#ffffff','/upload/20171205/8b660875b89bdfc6389e4ad137eb4fde.jpg','中消协 共享单车 押金 摩拜 ofo ','中国消费者协会在京召开共享单车企业公开约谈会，就消费者普遍关心的押金和预付金存管、车辆投放与运维等问题约谈相关企业。',0,1,'0','',1512480250,1512480250,36),(37,33,'特朗普承认耶路撒冷为以色列首都后引抗议','特朗普承认耶路撒冷为以色列首都后引抗议','#5674ed','/upload/20171207/577baa67c8e17fce8948e3a594112142.jpg','以色列 特朗普','美国总统特朗普承认耶路撒冷为以色列首都，并指示迁移美国大使馆。引发各地民众抗议，各国外交部谴责。',0,1,'1','admin',1512652193,1512652193,30),(38,33,'中国驻巴使馆发恐袭预警','恐怖分子开始盯上中国？','#ffffff','/upload/20171209/5bbd91a8a57fb960e7abc9b63ae1b71c.jpg','大使馆 巴基斯坦 恐怖分子','中国驻巴基斯坦大使馆发布消息称，恐怖分子策划近期对中国驻巴基斯坦机构和人员发动系列恐袭，提醒在巴中资机构和中国公民提高安防意识，加强内部防范，尽量减少外出，避免前往人员密集场所。',0,1,'1','admin',1512778561,1512779180,12),(39,33,'王毅：朝鲜半岛形势陷恶性循环','动武绝不可接受','#5674ed','/upload/20171209/e9e52030b15b22f2e98e38a97b9c5441.jpg','朝鲜半岛 核武器 国际形势','当前，朝鲜半岛形势仍然深陷示强与对抗的恶性循环，前景不容乐观。但同时也要看到，和平的希望仍未湮灭，谈判的前景依然存在，动武的选择绝不可接受。我们认为，下一步各方还是应当认真考虑中方提出的“双暂停”倡议，先走出缓和局势的第一步，至少先把半岛局势从目前的“对抗黑洞”中拉出来，为重启对话谈判创造必要的条件和氛围。',0,1,'1','siru',1512803772,1512803772,57),(40,31,'元旦火车票将开卖！','12月12日起火车票预售期恢复30天','#5674ed','/upload/20171210/484da30693fc813900c9f8d4c20163af.jpg','元旦 火车票 预售','12月12日起火车票预售期恢复30天',0,1,'1','admin',1512907605,1512907669,21),(41,34,'中国空军多型战机成体系远洋训练','中国空军多型战机成体系远洋训练','#5674ed','/upload/20171210/e42ac9a08201635c87f144f852d3258d.jpg','空军 训练','中国空军多型战机成体系远洋训练',0,1,'0','admin',1512908060,1512908264,9),(42,35,'NBA常规赛：雄鹿胜活塞','NBA常规赛：雄鹿胜活塞','#ffffff','/upload/20171210/ce91df30effcf68f2f10cb182be464d5.jpg','NBA 雄鹿','雄鹿胜活塞',0,1,'0','admin',1512908231,1512908231,0),(43,33,'中国已掌握南海形势主动权 ','中国驻外前大使：中国已掌握南海形势主动权 ','#ffffff','/upload/20171210/82bbc0fd2ab5ba37762de1c2db8ff178.jpeg','南海  形势','当前中国与东盟国家特别是声索国关系更成熟和务实，中国掌握了南海事态发展的主动权。',0,1,'4','admin',1512909244,1512909244,1),(44,31,'原来韩国人都是这样吃香肠的 看上去果然是很诱人啊...... ','活在这个看脸的社会，没点颜值都不敢出来混','#ffffff','/upload/20171210/953c1545cb1da21cb48ec81146178eca.gif','吃香肠','不卖关子了，像咔吃君这种既看颜值又注重味道的人，隆重向大家推荐这道糖衣小香肠，正确诠释什么叫色香味俱全，颜控吃货的福利来了',0,1,'0','admin',1512909470,1512909470,1),(45,31,'小米MIX 2重磅更新！新功能让其他用户眼馋','','#ffffff','/upload/20171210/d70b7222e69f53ddf2754b726cb40a16.png','小米 新功能','刚刚，小米MIUI官方发布文章，整理了近期收到的一些问题，为各位米粉朋友解答，下面一起来看一下。',0,1,'0','admin',1512909585,1512909849,1),(46,32,'山东持续推进法治建设','构筑依法治省坚固基石','#ffffff','/upload/20171210/fa761db45069e7cffab7bb46f8737ae0.jpg','法治建设 山东','法者，治之端也。全面依法治国是中国特色社会主义的本质要求和重要保障',0,1,'1','admin',1512911464,1512911464,3);
/*!40000 ALTER TABLE `cms_news` ENABLE KEYS */;
UNLOCK TABLES;

--
-- Table structure for table `cms_news_content`
--

DROP TABLE IF EXISTS `cms_news_content`;
/*!40101 SET @saved_cs_client     = @@character_set_client */;
/*!40101 SET character_set_client = utf8 */;
CREATE TABLE `cms_news_content` (
  `id` mediumint(8) unsigned NOT NULL AUTO_INCREMENT,
  `news_id` mediumint(8) unsigned NOT NULL,
  `content` mediumtext NOT NULL,
  `create_time` int(10) unsigned NOT NULL DEFAULT '0',
  `update_time` int(10) unsigned NOT NULL DEFAULT '0',
  PRIMARY KEY (`id`),
  KEY `news_id` (`news_id`)
) ENGINE=MyISAM AUTO_INCREMENT=25 DEFAULT CHARSET=utf8;
/*!40101 SET character_set_client = @saved_cs_client */;

--
-- Dumping data for table `cms_news_content`
--

LOCK TABLES `cms_news_content` WRITE;
/*!40000 ALTER TABLE `cms_news_content` DISABLE KEYS */;
INSERT INTO `cms_news_content` VALUES (1,23,'fsad',1511966859,1511966859),(2,24,'&lt;p&gt;\r\n	暗示法而安慰范围&lt;span style=&quot;color:#FF9900;&quot;&gt;按干部会突然&lt;/span&gt;爱过别人sADGV发送DVD是\r\n&lt;/p&gt;\r\n&lt;p align=&quot;center&quot;&gt;\r\n	asdgda\r\n&lt;/p&gt;\r\n&lt;p&gt;\r\n	&lt;br /&gt;\r\n&lt;/p&gt;\r\n&lt;p&gt;\r\n	adshgfgsrg&lt;strong&gt;bvae&lt;/strong&gt;\r\n&lt;/p&gt;\r\n&lt;p&gt;\r\n	&lt;br /&gt;\r\n&lt;/p&gt;\r\n&lt;p&gt;\r\n	&lt;br /&gt;\r\n&lt;/p&gt;',1511966927,1511966927),(3,25,'gbeavr',1512013183,1512013183),(4,26,'&lt;p&gt;\r\n	23&lt;em&gt;333&lt;/em&gt;33\r\n&lt;/p&gt;\r\n&lt;p align=&quot;center&quot;&gt;\r\n	66&lt;strong&gt;66666&lt;/strong&gt;\r\n&lt;/p&gt;',1512035720,1512035720),(5,27,'&lt;p&gt;\r\n	&amp;nbsp;&amp;nbsp;&amp;nbsp; &lt;strong&gt;在这个骄阳似火的夏日里&lt;/strong&gt;，&lt;em&gt;伴着明媚的&lt;/em&gt;&lt;a href=&quot;http://www.zixuekaoshi.net/zuowen/yangguang/&quot; target=&quot;_blank&quot;&gt;&lt;em&gt;阳光&lt;/em&gt;&lt;/a&gt;，&lt;u&gt;我们学校的校运动会办的热火朝天&lt;/u&gt;，那嘹亮的助威呐喊声让运动员们斗志高昂，&lt;span style=&quot;background-color:#CCCCCC;&quot;&gt;一个个运动员的身影都深深的印在大家的脑海里&lt;/span&gt;。\r\n&lt;/p&gt;\r\n&lt;p&gt;\r\n	&amp;nbsp;&amp;nbsp;&amp;nbsp; ”加油，加油！“操场上传来一阵阵的呐喊声，一潮高过一潮。随着&lt;a href=&quot;http://www.zixuekaoshi.net/zuowen/tongxue/&quot; target=&quot;_blank&quot;&gt;同学&lt;/a&gt;们的助威，冠军即将出现，花落谁家？谁呢？是谁，打败了红线战士，获得了冠军？噢！是大名鼎鼎的跑步公主肖文静冲线了，唉！其他班的&lt;a href=&quot;http://www.zixuekaoshi.net/zuowen/tongxue/&quot; target=&quot;_blank&quot;&gt;同学&lt;/a&gt;愁眉苦脸，&lt;a href=&quot;http://www.zixueKaoshi.net/zuowen/laoshi/&quot; target=&quot;_blank&quot;&gt;老师&lt;/a&gt;&lt;a href=&quot;http://www.zixuekaoshi.net/zuowen/anwei/&quot; target=&quot;_blank&quot;&gt;安慰&lt;/a&gt;他们已经做得很好了，而跑步公主&lt;a href=&quot;http://www.zixuekaoshi.net/zuowen/ziran/&quot; target=&quot;_blank&quot;&gt;自然&lt;/a&gt;不能没人伺候，一群的马屁蜂拥而上，像习近平主席亲临似的紧挨过去，这时的保镖立即驱散马屁者，递上水源。”加油，加油！”随着另一阵欢呼声，跳高开始了，我们班的跳高王子杨建杰已经做好准备，蓄势待发，前几关这种小儿科对我们跳高王子来说就是“&lt;a href=&quot;http://www.zixuekaoshi.net/zuowen/tiankong/&quot; target=&quot;_blank&quot;&gt;天空&lt;/a&gt;飘来五个字，这都不是事儿。”&lt;span style=&quot;font-size:14px;&quot;&gt;轻松就越过了&lt;/span&gt;，让其他班的女同学羡慕不已，可是随着冠军的诞生，难度也在增高，我的心也开始揪起来，终于角逐时刻来了，跳高王子奋力一跳，过去了，冠军是他，当之无愧。\r\n&lt;/p&gt;\r\n&lt;p&gt;\r\n	灿烂的&lt;a href=&quot;http://www.zixuekaoshi.net/zuowen/yangguang/&quot; target=&quot;_blank&quot;&gt;阳光&lt;/a&gt;洒在我们每个人的身上，&lt;a href=&quot;http://www.zixuekaoShi.net/zuowen/kuaile/&quot; target=&quot;_blank&quot;&gt;&lt;span style=&quot;color:#E56600;&quot;&gt;快乐&lt;/span&gt;&lt;/a&gt;&lt;span style=&quot;color:#E56600;&quot;&gt;在我们心中荡漾&lt;/span&gt;。这精彩的运动会呀，我们永远难忘 。\r\n&lt;/p&gt;',1512051104,1512051104),(6,28,'&lt;p&gt;\r\n	&amp;nbsp;&amp;nbsp;&amp;nbsp; 在这个骄阳似火的夏日里，伴着明媚的&lt;a href=&quot;http://www.zixuekaoshi.net/zuowen/yangguang/&quot; target=&quot;_blank&quot;&gt;阳光&lt;/a&gt;，我们学校的校运动会办的热火朝天，那嘹亮的助威呐喊声让运动员们斗志高昂，一个个运动员的身影都深深的印在大家的脑海里。\r\n&lt;/p&gt;\r\n&lt;p&gt;\r\n	&amp;nbsp;&amp;nbsp;&amp;nbsp; ”加油，加油！“操场上传来一阵阵的呐喊声，一潮高过一潮。随着&lt;a href=&quot;http://www.zixuekaoshi.net/zuowen/tongxue/&quot; target=&quot;_blank&quot;&gt;同学&lt;/a&gt;们的助威，冠军即将出现，花落谁家？谁呢？是谁，打败了红线战士，获得了冠军？噢！是大名鼎鼎的跑步公主肖文静冲线了，唉！其他班的&lt;a href=&quot;http://www.zixuekaoshi.net/zuowen/tongxue/&quot; target=&quot;_blank&quot;&gt;同学&lt;/a&gt;愁眉苦脸，&lt;a href=&quot;http://www.zixueKaoshi.net/zuowen/laoshi/&quot; target=&quot;_blank&quot;&gt;老师&lt;/a&gt;&lt;a href=&quot;http://www.zixuekaoshi.net/zuowen/anwei/&quot; target=&quot;_blank&quot;&gt;安慰&lt;/a&gt;他们已经做得很好了，而跑步公主&lt;a href=&quot;http://www.zixuekaoshi.net/zuowen/ziran/&quot; target=&quot;_blank&quot;&gt;自然&lt;/a&gt;不能没人伺候，一群的马屁蜂拥而上，像习近平主席亲临似的紧挨过去，这时的保镖立即驱散马屁者，递上水源。”加油，加油！”随着另一阵欢呼声，跳高开始了，我们班的跳高王子杨建杰已经做好准备，蓄势待发，前几关这种小儿科对我们跳高王子来说就是“&lt;a href=&quot;http://www.zixuekaoshi.net/zuowen/tiankong/&quot; target=&quot;_blank&quot;&gt;天空&lt;/a&gt;飘来五个字，这都不是事儿。”轻松就越过了，让其他班的女同学羡慕不已，可是随着冠军的诞生，难度也在增高，我的心也开始揪起来，终于角逐时刻来了，跳高王子奋力一跳，过去了，冠军是他，当之无愧。\r\n&lt;/p&gt;\r\n&lt;p&gt;\r\n	灿烂的&lt;a href=&quot;http://www.zixuekaoshi.net/zuowen/yangguang/&quot; target=&quot;_blank&quot;&gt;阳光&lt;/a&gt;洒在我们每个人的身上，&lt;a href=&quot;http://www.zixuekaoShi.net/zuowen/kuaile/&quot; target=&quot;_blank&quot;&gt;快乐&lt;/a&gt;在我们心中荡漾。这精彩的运动会呀，我们永远难忘。\r\n&lt;/p&gt;',1512054056,1512054056),(7,29,'&lt;p&gt;\r\n	　　&lt;strong&gt;央视网消息：&lt;/strong&gt;千年水乡，智慧乌镇。第四届“世界互联网大会·乌镇峰会”正式拉开大幕。作为中共十九大闭幕后，中国主办的一场重要国际会议，此次乌镇峰会备受各方瞩目，大家尤为期待听到世界互联网领域的中国声音和中国方案。\r\n&lt;/p&gt;\r\n&lt;p&gt;\r\n	　　&lt;strong&gt;中国方案日益成为国际社会广泛共识&lt;/strong&gt; \r\n&lt;/p&gt;\r\n&lt;p&gt;\r\n	　　“当前，以信息技术为代表的新一轮科技和产业革命正在萌发，为经济社会发展注入了强劲动力，同时，互联网发展也给世界各国主权、安全、发展利益带来许多新的挑战。全球互联网治理体系变革进入关键时期，构建网络空间命运共同体日益成为国际社会的广泛共识。”2017年12月3日，习近平向第四届世界互联网大会致贺信，他倡议“希望与国际社会一道，尊重网络主权，发扬伙伴精神，大家的事由大家商量着办，做到发展共同推进、安全共同维护、治理共同参与、成果共同分享。”\r\n&lt;/p&gt;\r\n&lt;p&gt;\r\n	　　习近平主席的贺信，充分体现了对全球互联网发展趋势的深刻洞察，对网络空间发展治理规律的准确把握，对中国同世界各国携手发展互联网和数字经济的真诚愿望。\r\n&lt;/p&gt;\r\n&lt;p&gt;\r\n	　　世界互联网大会已经成功举办四届了，每年习近平主席都以各种方式对大会的召开表示祝贺。其中“命运共同体”一词一以贯之，连续四年被习近平主席反复强调。那么到底有何深远的含义？又该如何构建？\r\n&lt;/p&gt;\r\n&lt;p&gt;\r\n	　　一年前，习近平在第三届世界互联网大会上以视频的方式发表讲话时说：“互联网发展是无国界、无边界的，利用好、发展好、治理好互联网必须深化网络空间国际合作，携手构建网络空间命运共同体。”\r\n&lt;/p&gt;\r\n&lt;p style=&quot;text-align:center;&quot;&gt;\r\n	&lt;img src=&quot;http://p1.img.cctvpic.com/photoworkspace/contentimg/2017/12/04/2017120410065999767.jpg&quot; alt=&quot; &quot; width=&quot;500&quot; /&gt; \r\n&lt;/p&gt;\r\n&lt;p style=&quot;text-align:center;&quot;&gt;\r\n	&lt;span style=&quot;font-size:small;&quot;&gt;　　2015年12月16日，第二届世界互联网大会在浙江省乌镇开幕。国家主席习近平出席开幕式并发表主旨演讲。&lt;/span&gt; \r\n&lt;/p&gt;\r\n&lt;p&gt;\r\n	　　那么，如何构建“网络空间命运共同体”？早在2015年，习近平站在乌镇的讲台上发表重要讲话时，就明确指出应坚持“四项原则”，并提出“五点主张”。他提出推动互联网全球治理体系变革，建立多边、民主、透明的全球互联网治理体系，倡议各国应该加强沟通、扩大共识、深化合作，共同构建网络空间命运共同体。此次主旨演讲，一度被海内外称为世界互联网治理的中国方案。\r\n&lt;/p&gt;\r\n&lt;p style=&quot;text-align:center;&quot;&gt;\r\n	&lt;img src=&quot;http://p1.img.cctvpic.com/photoworkspace/contentimg/2017/12/04/2017120410073211836.jpg&quot; alt=&quot; &quot; width=&quot;500&quot; /&gt; \r\n&lt;/p&gt;\r\n&lt;p style=&quot;text-align:center;&quot;&gt;\r\n	　　&lt;span style=&quot;font-size:small;&quot;&gt;2014年7月16日，国家主席习近平在巴西国会发表《弘扬传统友好共谱合作新篇》的演讲。&lt;/span&gt;&amp;nbsp;\r\n&lt;/p&gt;\r\n&lt;p&gt;\r\n	　　十八大以来，习近平主席在多个国际场合，曾多次提出关于互联网治理的中国方案和中国声音。2014年7月16日出访巴西时，习近平主席在巴西国会演讲时指出：“虽然互联网具有高度全球化的特征，但每一个国家在信息领域的主权权益都不应受到侵犯，互联网技术再发展也不能侵犯他国的信息主权，在信息领域没有双重标准。”他强调：“国际社会要本着相互尊重和相互信任的原则，通过积极有效的国际合作，共同构建和平、安全、开放、合作的网络空间，建立多边、民主、透明的国际互联网治理体系。”\r\n&lt;/p&gt;\r\n&lt;p&gt;\r\n	　　随后在2014年首届世界互联网大会开幕之际，习近平主席在贺词中，提出“互联网真正让世界变成了地球村，让国际社会越来越成为你中有我、我中有你的命运共同体。同时，互联网发展对国家主权、安全、发展利益提出了新的挑战，迫切需要国际社会认真应对、谋求共治、实现共赢。”\r\n&lt;/p&gt;\r\n&lt;p&gt;\r\n	　　正如习近平总书记在十九大报告中所强调：“坚持和平发展道路，推动构建人类命运共同体，”这是中国共产党为世界发展和全球治理提出的中国方案。\r\n&lt;/p&gt;\r\n&lt;p&gt;\r\n	　　&lt;strong&gt;中国引领数字经济快速发展惠及世界&lt;/strong&gt; \r\n&lt;/p&gt;\r\n&lt;p&gt;\r\n	　　毋庸置疑，互联网是最具发展活力的领域，其快速发展，给人类生产生活带来深刻变化。“高铁、电商、移动支付、共享经济”被来自“一带一路”沿线的20国青年评为中国的“新四大发明”，其中后三项都是数字经济的佼佼者。\r\n&lt;/p&gt;\r\n&lt;p&gt;\r\n	　　过去的十年，中国已在多个领域成为全球数字经济引领者。以电子商务为例，十年前中国电商交易额还不到全球总额的1%，如今占比已超40%。据估算已超英、美、日、法、德五国总和，数字化支付也在迅速增长。2016年，中国与个人消费相关移动支付交易额高达7900亿美元，相当于美国的11倍。全球262家“独角兽”公司中，三分之一是中国公司，占其总估值的43%。&amp;nbsp;\r\n&lt;/p&gt;\r\n&lt;p style=&quot;text-align:center;&quot;&gt;\r\n	&lt;img src=&quot;http://p1.img.cctvpic.com/photoworkspace/contentimg/2017/12/04/2017120410082289218.jpg&quot; alt=&quot; &quot; width=&quot;500&quot; /&gt; \r\n&lt;/p&gt;\r\n&lt;p&gt;\r\n	　　共享单车企业ofo和摩拜现已进军新加坡、英国和美国。美图秀秀广受年轻用户青睐，在巴西、印度、美国、英国等地都设立了分公司。 支付宝和微信等移动支付在中国盛行的同时，在国外也已掀起移动支付热潮。\r\n&lt;/p&gt;\r\n&lt;p&gt;\r\n	　　发展经济是全球各国的任务和使命，特别是在经济复苏期间，通过数字经济抓住互联网发展机遇，是大家共同的期待。\r\n&lt;/p&gt;\r\n&lt;p&gt;\r\n	　　“中国数字经济发展将进入快车道。”习近平在第四届世界互联网大会的贺信中表示：“中国希望通过自己的努力，推动世界各国共同搭乘互联网和数字经济发展的快车。中国对外开放的大门不会关闭，只会越开越大。”\r\n&lt;/p&gt;\r\n&lt;p&gt;\r\n	　　去年G20杭州峰会，中国作为主席国首次将数字经济列为峰会的一项重要议题，并主持起草了《G20数字经济发展与合作倡议》。今年7月，在德国汉堡峰会上，习近平关于世界经济形势的讲话中，再次提出“我们要在数字经济和新工业革命领域加强合作，共同打造新技术、新产业、新模式、新产品。这个动力也来自更好解决发展问题，落实2030年可持续发展议程。这对发展中国家有利，也将为发达国家带来市场和投资机遇，大家都是赢家。”\r\n&lt;/p&gt;\r\n&lt;p&gt;\r\n	　　为拓展数字经济领域的合作，2017年12月3日，中国、埃及、老挝、沙特、塞尔维亚、泰国、土耳其、阿联酋等国家代表共同发起《“一带一路”数字经济国际合作倡议》。致力于实现互联互通的“数字丝绸之路”，打造互利共赢的“利益共同体”和共同发展繁荣的“命运共同体”。\r\n&lt;/p&gt;\r\n&lt;p&gt;\r\n	　　互联网发展是无国界、无边界的，利用好、发展好、治理好互联网，必须深化网络空间国际合作，携手构建网络空间命运共同体。（文/田宏）\r\n&lt;/p&gt;',1512472096,1512472096),(8,30,'&lt;p&gt;\r\n	&amp;nbsp;&amp;nbsp;&amp;nbsp; 新华社北京12月5日电国家主席习近平5日上午在人民大会堂接受11国新任驻华大使递交国书。\r\n&lt;/p&gt;\r\n&lt;p&gt;\r\n	冬日阳光下的北京，碧空如洗。人民大会堂北门外，礼兵分列红地毯两侧。号手吹响迎宾号角，新任驻华使节们先后抵达，沿着台阶拾级而上，进入北京厅。在“北京鸟瞰”图前，使节们依次向习近平呈递国书，习近平同他们亲切握手，合影留念。这11位新任驻华大使是：挪威驻华大使裴凯儒、韩国驻华大使卢英敏、阿联酋驻华大使扎希里、罗马尼亚驻华大使康斯坦丁内斯库、冈比亚驻华大使西塞、埃塞俄比亚驻华大使伯哈内、西班牙驻华大使卡内罗、黎巴嫩驻华大使贾布尔、印度驻华大使班浩然、土耳其驻华大使约南、葡萄牙驻华大使杜傲杰。\r\n&lt;/p&gt;\r\n&lt;p&gt;\r\n	&amp;nbsp;&amp;nbsp;&amp;nbsp;&amp;nbsp;习近平欢迎各国使节来华履新，请他们转达对各有关国家领导人和人民的诚挚问候和良好祝愿，表示中国政府将为使节们履职提供便利和支持，希望使节们为增进各国同中国友谊、促进双边关系发展作出积极贡献。习近平指出，中国愿同各国增进政治互信，深化务实合作并努力取得更多积极成果，加强在国际事务中合作，携手并肩，同舟共济，实现共同发展，为世界和平、稳定、繁荣作出贡献。\r\n&lt;/p&gt;\r\n&lt;p&gt;\r\n	&amp;nbsp;&amp;nbsp;&amp;nbsp;&amp;nbsp;各国使节衷心祝贺中共十九大圆满成功，高度评价中共十九大成果的世界性影响。使节们转达了各自国家领导人对习近平的亲切问候和对习近平再次当选中共中央总书记的诚挚祝贺。使节们表示，他们对在中国进入新时代之际出任驻华大使深感荣幸，愿为增进各自国家同中国间相互了解和友谊，推动务实合作向更深层次、更广领域迈进作出积极努力。\r\n&lt;/p&gt;\r\n中共中央政治局委员、中央书记处书记、中央办公厅主任丁薛祥参加上述活动。',1512472226,1512472226),(9,31,'&lt;p style=&quot;font-size:16px;&quot; align=&quot;center&quot;&gt;\r\n	&lt;img src=&quot;http://himg2.huanqiu.com/attachment2010/2017/1205/20171205032301599.jpg&quot; /&gt;\r\n&lt;/p&gt;\r\n&lt;p style=&quot;font-size:16px;&quot; align=&quot;center&quot;&gt;\r\n	12月5日，第四届世界互联网大会圆满闭幕。张启川 摄\r\n&lt;/p&gt;\r\n&lt;p style=&quot;font-size:16px;&quot;&gt;\r\n	　　人民网嘉兴12月5日电 \r\n(张丽玮)今天中午，第四届世界互联网大会在浙江乌镇落下帷幕。在过去短短三天时间里，来自全球80多个国家和地区的1500多名嘉宾，围绕“发展数字经济\r\n 促进开放共享——携手共建网络空间命运共同体”的主题，积极贡献思想智慧、展示创新成就、探讨合作途径、展望未来愿景，取得了丰硕的成果。\r\n&lt;/p&gt;\r\n&lt;p style=&quot;font-size:16px;&quot;&gt;\r\n	　　大会广泛凝聚各方共识，分享了思想创见、汇聚了智慧力量。大会期间，20场分论坛主题鲜明、各具特色，成为与会嘉宾分享思考、贡献创见的高端平台。本届大会的一个重要创举，就是首次发布《中国互联网发展报告2017》和《世界互联网发展报告2017》两本蓝皮书，总结历史成就，分析现状特点，展望趋势远景，为各国更好推动互联网发展提供了有益借鉴。此外，大会还发布了本届世界互联网大会的年度成果文件《乌镇展望》，标志着关于全球互联网发展治理的共识又向前迈出了坚实一步。\r\n&lt;/p&gt;\r\n&lt;p style=&quot;font-size:16px;&quot;&gt;\r\n	　　大会集中展示创新成就，代表了前沿趋势、引领了发展方向。本次“互联网之光博览会”汇集了400余家全球知名互联网企业和创新型企业的最新科技成果和应用，体现了世界互联网最新的发展动态。世界互联网领先科技成果发布活动，从国内外近千项科技成果中评选出20项科技成果，来自苹果、高通、微软、阿里巴巴、华为等中外知名互联网企业的一批最新尖端成果集中亮相，让大会成为全球互联网顶尖科技的汇聚地和风向标。\r\n&lt;/p&gt;\r\n&lt;p style=&quot;font-size:16px;&quot;&gt;\r\n	　　大会积极搭建合作平台，密切了协同联动、促进了共治共享。本届大会邀请联合国经济和社会事务部、国际电信联盟、世界知识产权组织、世界经济论坛、全球移动通信系统协会作为协办单位，深化了合作机制和伙伴关系。大会积极搭建务实合作平台，促成中外政府、社会组织、企业等形成了一系列富有影响力的合作成果，签署了“一带一路”数字国际合作倡议等多项合作协议，在“双创热土”项目对接活动中，对接的互联网项目数达1200个，超过130亿元人民币的项目现场签约，世界互联网大会的实效性和吸引力更加凸显。\r\n&lt;/p&gt;\r\n&lt;p style=&quot;font-size:16px;&quot;&gt;\r\n	　　此外，大会着力营造友好氛围，促进了相互沟通、加深了彼此友谊。大会期间，国际政要、业界领袖、企业高管、专家学者、媒体记者等通过会议讨论、会晤洽谈、咖荟交流等各种方式，碰撞思想、沟通感情、增进互信、加深友谊。大家流连于乌镇美丽的小桥流水间，徜徉在互联网广阔的海洋里，留下了许多难忘的瞬间和美好的回忆。\r\n&lt;/p&gt;\r\n　　闭幕式由浙江省副省长高兴夫主持。国家互联网信息办公室主任徐麟，非洲联盟副主席托马斯⋅奎西⋅夸第，图灵奖获得者西尔维奥⋅米卡利，中国工程院院士、中国互联网协会理事长邬贺铨，世界经济论坛执行主席高级顾问法迪⋅切哈德等分别致辞。',1512472330,1512472330),(10,32,'&lt;p style=&quot;font-size:16px;&quot; align=&quot;center&quot;&gt;\r\n	&lt;img src=&quot;http://himg2.huanqiu.com/attachment2010/2017/1205/20171205030012397.jpg&quot; /&gt;\r\n&lt;/p&gt;\r\n&lt;p style=&quot;font-size:16px;&quot; align=&quot;center&quot;&gt;\r\n	资料图：中学考生考试结束后走出考场。中新社发 于海洋 摄\r\n&lt;/p&gt;\r\n&lt;p style=&quot;font-size:16px;&quot;&gt;\r\n	　　据教育部网站消息，针对近日网传“九年义务教育升级为十二年制，中考将取消”的消息，教育部基础教育司负责人回应，现阶段不可能将九年义务教育升级为十二年制。当前，还不具备把高中阶段教育纳入义务教育的条件，高中阶段教育的主要任务是加快普及步伐，满足初中毕业生接受高中教育的需要。\r\n&lt;/p&gt;\r\n&lt;p style=&quot;font-size:16px;&quot;&gt;\r\n	　　该负责人表示，今年教育部等四部门印发了《高中阶段教育普及攻坚计划(2017-2020年)》，提出到2020年全国普及高中阶段教育。但普及、义务和免费是三个不同的概念，普及高中阶段教育重在解决有学上的问题，不是将高中阶段教育纳入义务教育或者实施免费教育。\r\n&lt;/p&gt;\r\n&lt;p style=&quot;font-size:16px;&quot;&gt;\r\n	　　该负责人指出，义务教育具有普及、均衡、强制和免费等属性，《中华人民共和国义务教育法》明确规定我国实行九年义务教育。义务教育是重中之重，到2016年我国九年义务教育巩固水平已达93.4%，推进义务教育均衡发展取得显著成绩，但义务教育发展不平衡、不充分的问题仍然突出，未来一段时间进一步提高义务教育巩固水平和均衡发展水平的任务仍然繁重。“在普及的过程中，要妥善解决好家庭经济困难学生上学问题，目前我们已经建立了资助体系，下一步要重点做好普通高中建档立卡家庭经济困难学生的免费工作。”\r\n&lt;/p&gt;\r\n&lt;p style=&quot;font-size:16px;&quot;&gt;\r\n	　　同时，针对“中考将取消”的消息，该负责人明确表示不属实。“根据党中央、国务院关于深化考试招生制度改革的总体部署，教育部于2016年颁布了《关于进一步推进高中阶段学校考试招生制度改革的指导意见》。我们一直强调，本次改革推行初中学业水平考试，并不是取消中考，而是将初中毕业考试和高中招生考试合二为一，实现一考多用，避免多次考试，减轻学生重复备考的负担和压力。”\r\n&lt;/p&gt;\r\n　　该负责人强调，本次改革是对原有中考制度的改进和完善，旨在建立新的高中阶段学校考试招生录取模式，更好发挥考试招生制度在推进素质教育中的正确导向作用，促进教育公平。他表示，目前教育部正在积极指导各地按照文件要求，结合实际细化制定本地中考改革实施意见。',1512472421,1512472421),(11,33,'&lt;div class=&quot;picture&quot; align=&quot;center&quot;&gt;\r\n	&lt;img src=&quot;http://5b0988e595225.cdn.sohucs.com/images/20171205/b58fc6dee80b4139a5f3a1394933ab92.jpeg&quot; alt=&quot;&quot; width=&quot;491&quot; height=&quot;328&quot; /&gt; \r\n&lt;/div&gt;\r\n&lt;div class=&quot;switch-btn&quot;&gt;\r\n	&lt;a class=&quot;btn-next next-img-btn&quot;&gt; &lt;span class=&quot;bg&quot;&gt;&lt;/span&gt; &lt;/a&gt; \r\n&lt;/div&gt;\r\n&lt;p class=&quot;&quot;&gt;\r\n	&amp;nbsp;&amp;nbsp;&amp;nbsp;&amp;nbsp;&amp;nbsp;&amp;nbsp;&amp;nbsp;&amp;nbsp;12月3日，第四届世界互联网大会开幕首日，阿里巴巴集团控股有限公司董事局主席马云、百度公司董事长兼首席执行官李彦宏、腾讯控股有限公司董事长兼首席执行官马化腾不约而同现身互联网之光博览会，在展台前为自家企业代言。图为：阿里巴巴集团控股有限公司董事局主席马云\r\n&lt;/p&gt;',1512472630,1512472630),(12,34,'&lt;div class=&quot;main-aticle&quot;&gt;\r\n	&lt;p align=&quot;center&quot;&gt;\r\n		&lt;a&gt;&lt;img id=&quot;{4FD23046-5F78-45CB-B8FD-618E30F00694}&quot; title=&quot;&quot; src=&quot;http://news.xinhuanet.com/politics/2017-12/05/1122062897_15124735331531n.jpg&quot; align=&quot;middle&quot; width=&quot;555&quot; border=&quot;0&quot; height=&quot;429&quot; /&gt;&lt;/a&gt; \r\n	&lt;/p&gt;\r\n	&lt;p&gt;\r\n		&lt;span&gt;　　12月5日，国家主席习近平在北京钓鱼台国宾馆会见加拿大总理特鲁多。 新华社记者 谢环驰 摄&lt;/span&gt; \r\n	&lt;/p&gt;\r\n	&lt;p&gt;\r\n		　　新华社北京12月5日电（记者白洁）国家主席习近平5日在钓鱼台国宾馆会见加拿大总理特鲁多。\r\n	&lt;/p&gt;\r\n	&lt;p&gt;\r\n		　　习近平欢迎特鲁多再次访华。习近平指出，中加两国领导人保持密切交往，对两国关系发展起到了重要引领作用。中加两国各有优势，互补性强，合作潜力巨大。希望双方拓宽思路，采取积极措施，推动两国关系取得更多实实在在的成果。\r\n	&lt;/p&gt;\r\n	&lt;p&gt;\r\n		　　习近平强调，增进政治互信是国与国关系稳定发展的前提。一个国家的发展道路，只能由这个国家的人民自己决定。中加政治制度不同，但双方完全可以相互尊重，求同存异，加强合作，扩大交流，给两国人民带来更大利益。\r\n	&lt;/p&gt;\r\n	&lt;p&gt;\r\n		　　习近平指出，中加双方要扩大务实合作，充分挖掘合作潜力，在能源资源、科技创新、航空交通、金融服务、现代农业、清洁技术等领域打造更多合作亮点。中方愿继续支持有实力的中国企业赴加拿大投资，也欢迎加拿大企业积极参与“一带一路”建设。中加两国人民有着深厚的传统友谊。双方要加强教育、文化、旅游、体育等领域交流合作，使中加友好更加深入人心。双方要办好2018中加旅游年，中方愿在筹办2022年冬奥会过程中借鉴加方先进经验。双方还要加强在气候变化等重要领域以及多边框架内的协调和合作，不断充实中加战略伙伴关系内涵。\r\n	&lt;/p&gt;\r\n	&lt;p&gt;\r\n		　　特鲁多表示，我赞同习主席对加中关系的评价。加中友谊源远流长。近年来加中合作保持强劲发展势头，给两国人民带来了实际利益，也向国际社会发出了积极信息。加方致力于在相互尊重、相互信任的基础上深化同中方关系，加强两国经贸、人文等各领域交流合作，密切在重大全球和地区问题上沟通协调。\r\n	&lt;/p&gt;\r\n	&lt;p&gt;\r\n		　　中共中央政治局委员、中央书记处书记、中央办公厅主任丁薛祥，中共中央政治局委员、国务委员杨洁篪等参加会见。\r\n	&lt;/p&gt;\r\n&lt;/div&gt;',1512479748,1512479748),(13,35,'&lt;p align=&quot;center&quot;&gt;\r\n	&lt;img src=&quot;http://5b0988e595225.cdn.sohucs.com/images/20171205/d4a622e151294aa99811c9f4896bfb9a.jpeg&quot; width=&quot;500&quot; height=&quot;368&quot; /&gt; \r\n&lt;/p&gt;\r\n&lt;p&gt;\r\n	&lt;strong&gt;首艘国产航母进入最后试验阶段 与辽宁舰有何不同？&lt;/strong&gt; \r\n&lt;/p&gt;\r\n&lt;p&gt;\r\n	&amp;nbsp;&amp;nbsp;&amp;nbsp;&amp;nbsp;我国首艘国产航母的建造进度一直备受关注，现在它正处于系泊试验的最后阶段，相信不久之后就会离开港口，开始海试工作。\r\n&lt;/p&gt;\r\n&lt;p&gt;\r\n	&amp;nbsp;&amp;nbsp;&amp;nbsp;&amp;nbsp;我国第一艘完全自主研发制造的国产航母，因为还没有正式命名，所以我们暂时称它为首艘国产航母。它的个头和辽宁舰差不多，都属于中型航母，同样采用滑跃起飞的上翘甲板，那么它和辽宁舰有什么不同之处呢？\r\n&lt;/p&gt;\r\n&lt;p&gt;\r\n	&amp;nbsp;&amp;nbsp;&amp;nbsp;&amp;nbsp;首先，最大的不同就是设计理念了，众所周知辽宁舰的舰体是利用重型载机巡洋舰瓦良格号改装而来的。而首艘国产航母，从最开始就是按照航空母舰的标准来进行设计。举个例子，作为重型载机巡洋舰瓦良格号，在舰首正中的甲板下安装有12枚花岗岩反舰导弹，这占用了甲板下相当大的空间，而这个结构在改装辽宁舰的时候是无法完全去除的。首艘国产航母自然不受这种约束，结构设计更加适合舰载航空兵作战需求，內部也有更大的空间用来装载舰载机。\r\n&lt;/p&gt;\r\n&lt;table&gt;\r\n	&lt;tbody&gt;\r\n		&lt;tr&gt;\r\n			&lt;td&gt;\r\n				&lt;p align=&quot;center&quot;&gt;\r\n					&lt;img src=&quot;http://5b0988e595225.cdn.sohucs.com/images/20171205/d81e259a0d794762a7e360a35fb3c70f.jpeg&quot; width=&quot;500&quot; height=&quot;368&quot; /&gt; \r\n				&lt;/p&gt;\r\n			&lt;/td&gt;\r\n		&lt;/tr&gt;\r\n	&lt;/tbody&gt;\r\n&lt;/table&gt;\r\n&lt;p&gt;\r\n	&amp;nbsp;&amp;nbsp;&amp;nbsp;&amp;nbsp;除此之外，首艘国产航母和辽宁舰还有一些外表能看出来的不同，早有细心军迷就此展开了讨论。比如最明显的，首艘国产航母的舰岛比辽宁舰有所缩短，而高度增加了一些；新航母的舰岛上比辽宁舰增加了一层舰桥；舰岛上的雷达面板，位置和样式也都有所不同；这些大大小小的区别都意味着什么呢？让我们来听听专家怎么说.\r\n&lt;/p&gt;\r\n&lt;table&gt;\r\n	&lt;tbody&gt;\r\n		&lt;tr&gt;\r\n			&lt;td&gt;\r\n				&lt;p align=&quot;center&quot;&gt;\r\n					&lt;img src=&quot;http://5b0988e595225.cdn.sohucs.com/images/20171205/dbc0d87d78284da38438e3c0a936e715.jpeg&quot; width=&quot;500&quot; height=&quot;364&quot; /&gt; \r\n				&lt;/p&gt;\r\n			&lt;/td&gt;\r\n		&lt;/tr&gt;\r\n	&lt;/tbody&gt;\r\n&lt;/table&gt;\r\n&lt;p&gt;\r\n	&amp;nbsp;&amp;nbsp;&amp;nbsp;&amp;nbsp;航母舰岛，指的就是航母甲板一侧的岛型建筑，现在服役的航母中，舰岛多在甲板右侧。舰岛内包括了航海舰桥、飞行甲板调度室、航空舰桥和其他多种工作舱室，是航母的指挥控制中心。通过对比可以看出首艘国产航母的舰岛相比辽宁舰有所缩小。其实在航母中，辽宁舰的舰岛的确算是个大的。这个原因还得归究它是由载机巡洋舰改装而来的这一点上。因为载机巡洋舰的舰岛不但负责航行和舰载机起降，还有专门舱室负责大型对海、对空和对陆攻击武器。而航母上没有这些，航母舰岛主要负责航行和指挥舰载机，功能相对集中，需要的空间自然也就小了很多。\r\n&lt;/p&gt;\r\n&lt;table&gt;\r\n	&lt;tbody&gt;\r\n		&lt;tr&gt;\r\n			&lt;td&gt;\r\n				&lt;p align=&quot;center&quot;&gt;\r\n					&lt;img src=&quot;http://5b0988e595225.cdn.sohucs.com/images/20171205/d889c55a588748009729a4d981b8f751.jpeg&quot; width=&quot;500&quot; height=&quot;364&quot; /&gt; \r\n				&lt;/p&gt;\r\n			&lt;/td&gt;\r\n		&lt;/tr&gt;\r\n	&lt;/tbody&gt;\r\n&lt;/table&gt;\r\n&lt;p align=&quot;left&quot;&gt;\r\n	&amp;nbsp;&amp;nbsp;&amp;nbsp;&amp;nbsp;军事专家尹卓：“另外当然我们在舰岛的设计上也会考虑到尽量让它合理缩小，缩小的舰岛实际上就对停飞机增加了一些面积。停飞机如果增加了面积，使我们在飞机出动的时候出动量会更大，因为飞机的出动量不是由你出动飞机的能力来决定的，而是由返回时你舰面能够放多少飞机来决定的。”\r\n&lt;/p&gt;\r\n&lt;p&gt;\r\n	&amp;nbsp;&amp;nbsp;&amp;nbsp;&amp;nbsp;和辽宁舰一样，首艘国产航母的舰岛上仍然安装了四面相控阵雷达，但是位置和样式略有不同。可以看出，辽宁舰上的雷达罩是凸起的圆弧形，而首艘国产航母上的则是平面。这个细节说明后者雷达冷却性能更好，因为它不再需要弧形的雷达罩来帮助散热了。\r\n&lt;/p&gt;\r\n&lt;table&gt;\r\n	&lt;tbody&gt;\r\n		&lt;tr&gt;\r\n			&lt;td&gt;\r\n				&lt;p align=&quot;center&quot;&gt;\r\n					&lt;img src=&quot;http://5b0988e595225.cdn.sohucs.com/images/20171205/4f3eead395554d65b4866e152db1604b.jpeg&quot; width=&quot;500&quot; height=&quot;365&quot; /&gt; \r\n				&lt;/p&gt;\r\n			&lt;/td&gt;\r\n		&lt;/tr&gt;\r\n	&lt;/tbody&gt;\r\n&lt;/table&gt;\r\n&lt;p&gt;\r\n	&amp;nbsp;&amp;nbsp;&amp;nbsp;&amp;nbsp;军事专家尹卓：我们346A雷达，应该说比辽宁舰雷达已经有改进，因为它是全数字化的，而辽宁舰上还是个模拟量的。我们第一艘自研航母上的是相当于我们052D那样一个改进型的相控阵雷达，它重量比在052D上要大一些，因为它的板阵要大，里头的机缘也比较多，它的探测距离也会大一些。因为它都是固态的元件了，元器件不大容易发热，不容易发热，就是我待机的时间可以长，我雷达连续开机的时间也可以更长。\r\n&lt;/p&gt;\r\n&lt;p&gt;\r\n	&amp;nbsp;&amp;nbsp;&amp;nbsp;&amp;nbsp;相控阵雷达并不是航空母舰的标配，现今世界上服役数量最多的美国尼米兹级航母上就没有安装。我国航母选择安装相控阵雷达，可以弥补暂时没有舰载预警机的短板，简化雷达数量，相控阵雷达作为重要的传感器还可以为航母编队指挥提供更好的感知能力。\r\n&lt;/p&gt;\r\n&lt;p&gt;\r\n	&amp;nbsp;&amp;nbsp;&amp;nbsp;&amp;nbsp;除了这些看得见的变化外，首艘国产航母是否能携载更多的舰载机也是广大军迷十分关心的问题。\r\n&lt;/p&gt;\r\n&lt;table&gt;\r\n	&lt;tbody&gt;\r\n		&lt;tr&gt;\r\n			&lt;td&gt;\r\n				&lt;p align=&quot;center&quot;&gt;\r\n					&lt;img src=&quot;http://5b0988e595225.cdn.sohucs.com/images/20171205/a206cf68c1204e69903687242dfd392f.jpeg&quot; width=&quot;500&quot; height=&quot;311&quot; /&gt; \r\n				&lt;/p&gt;\r\n			&lt;/td&gt;\r\n		&lt;/tr&gt;\r\n	&lt;/tbody&gt;\r\n&lt;/table&gt;\r\n&lt;p align=&quot;left&quot;&gt;\r\n	&amp;nbsp;&amp;nbsp;&amp;nbsp;&amp;nbsp;军事专家尹卓：“第一艘自研航母跟辽宁舰基本上一样，舰载都在40多架，多一架两架有可能性。吨位确实，我们第一艘自研航母，比辽宁舰大了一些，大概至少几百吨，近千吨吧。那么这也可能是放在油料上，放在它的机库上等等这些地方，这样的一个机库维修设施更强劲了以后，可能舰载机复飞的效率更高一些。”\r\n&lt;/p&gt;\r\n&lt;p&gt;\r\n	&amp;nbsp;&amp;nbsp;&amp;nbsp;&amp;nbsp;舰载机的数量、性能和单位时间的起降能力，代表着航母的战斗力。那么代表我国首艘国产航母战斗力的会是哪款战机呢？\r\n&lt;/p&gt;\r\n&lt;p&gt;\r\n	据军事专家介绍，首艘国产航母仍会采用滑跃起飞的方式，所以歼-15舰载战斗机会是首选，因为这种机型经过多年使用，已经比较成熟，海军也正是用它培养了一批优秀的舰载机飞行员。\r\n&lt;/p&gt;\r\n&lt;table&gt;\r\n	&lt;tbody&gt;\r\n		&lt;tr&gt;\r\n			&lt;td&gt;\r\n				&lt;p align=&quot;center&quot;&gt;\r\n					&lt;img src=&quot;http://5b0988e595225.cdn.sohucs.com/images/20171205/da4c22f9b66b4df69c34940b60057ff8.jpeg&quot; width=&quot;500&quot; height=&quot;362&quot; /&gt; \r\n				&lt;/p&gt;\r\n			&lt;/td&gt;\r\n		&lt;/tr&gt;\r\n	&lt;/tbody&gt;\r\n&lt;/table&gt;\r\n&lt;p&gt;\r\n	&amp;nbsp;&amp;nbsp;&amp;nbsp;&amp;nbsp;-15，绰号“飞鲨”，它是我国自主研发的首款固定翼重型舰载战斗机。我身旁这架是略微缩小比例的，实际上它个头比这大得多，有22.28米长，翼展15米，高5.92米，相当于两层楼的高度。和多数舰载机一样，歼-15采用双发布局，这2台加力式涡扇发动机，能够提供它从航母甲板上起飞所需的强大推力，而且如果其中一台遭遇特殊情况熄火，还有一台能用，更加安全。歼-15机尾的下方，有这样一个可以放下的尾勾，它是舰载机必备的装置，降落时就靠它勾住航母甲板上的拦阻索让战机停下来。航母上空间有限，所以舰载机需要尽量减小停放时的占地面积，歼-15的机翼和水平尾翼都是可以向上折叠的，节省了不少空间。歼-15\r\n 2012年首次实现了从航母辽宁舰起降，现在上过舰的歼-15数量已经超过了20架。\r\n&lt;/p&gt;\r\n&lt;p&gt;\r\n	&amp;nbsp;&amp;nbsp;&amp;nbsp;&amp;nbsp;虽然我们基本可以确定，首艘国产航母仍会使用歼-15或者其改进型作为舰载战斗机。不过还是有很多军迷关心，歼-15之后下一代的舰载机会是什么样的。新入列不久的歼-20和还在试飞中的歼-31是否有可能作为舰载机上舰呢？\r\n&lt;/p&gt;\r\n&lt;table&gt;\r\n	&lt;tbody&gt;\r\n		&lt;tr&gt;\r\n			&lt;td&gt;\r\n				&lt;p align=&quot;center&quot;&gt;\r\n					&lt;img src=&quot;http://5b0988e595225.cdn.sohucs.com/images/20171205/919e2dc3252a4c788a6723d41ee0b886.jpeg&quot; width=&quot;500&quot; height=&quot;348&quot; /&gt; \r\n				&lt;/p&gt;\r\n			&lt;/td&gt;\r\n		&lt;/tr&gt;\r\n	&lt;/tbody&gt;\r\n&lt;/table&gt;\r\n&lt;p&gt;\r\n	&amp;nbsp;&amp;nbsp;&amp;nbsp;&amp;nbsp;歼-20是我国研制的首款第五代双发重型隐形战斗机，2016年在珠海航展开幕式上首次公开亮相，进行了两分钟的飞行展示。2017年歼-20正式加入空军战斗序列，并在7月参加了在朱日和举行的“纪念建军90周年阅兵”\r\n 。歼-20的各项性能参数并未公布，从公开的画面和图片中，我们可以看出它采用两侧进气、全动垂尾 \r\n和鸭翼布局，目测体型略小于歼-15。根据2013年歼-20带弹试飞的照片可以推测，歼-20的两侧弹仓和主弹舱内一共可以携带8枚导弹。由于装有外挂点，歼-20可以在牺牲一定隐身性能的条件下加大带弹量。\r\n&lt;/p&gt;\r\n&lt;table&gt;\r\n	&lt;tbody&gt;\r\n		&lt;tr&gt;\r\n			&lt;td&gt;\r\n				&lt;p align=&quot;center&quot;&gt;\r\n					&lt;img src=&quot;http://5b0988e595225.cdn.sohucs.com/images/20171205/1cb6cc0a21524e3b9844cdbe372a1792.jpeg&quot; width=&quot;500&quot; height=&quot;357&quot; /&gt; \r\n				&lt;/p&gt;\r\n			&lt;/td&gt;\r\n		&lt;/tr&gt;\r\n	&lt;/tbody&gt;\r\n&lt;/table&gt;\r\n&lt;p&gt;\r\n	&amp;nbsp;&amp;nbsp;&amp;nbsp;&amp;nbsp;我国是除美国外，唯一同时试飞两种五代战机的国家。2012年10月，歼-31试飞成功，2014年11月，它首次亮相第十届珠海航展，并进行了飞行表演。歼-31是我国研制的另一款第五代单座双发隐形战斗机，它作为中型多用途战斗机，体积、重量、载油和载弹量都低于歼-20。不过，隐身性能是歼-31引以为傲的优势。而且它的体型小，在航母甲板上能停放更多数量。\r\n&lt;/p&gt;\r\n&lt;p&gt;\r\n	那么，这两种各有特色的五代机，是否有望在不远的将来成为我国下一代舰载战斗机呢？\r\n&lt;/p&gt;\r\n&lt;table&gt;\r\n	&lt;tbody&gt;\r\n		&lt;tr&gt;\r\n			&lt;td&gt;\r\n				&lt;p align=&quot;center&quot;&gt;\r\n					&lt;img src=&quot;http://5b0988e595225.cdn.sohucs.com/images/20171205/49e53935ea4b4e10b927a90841460819.jpeg&quot; width=&quot;500&quot; height=&quot;283&quot; /&gt; \r\n				&lt;/p&gt;\r\n			&lt;/td&gt;\r\n		&lt;/tr&gt;\r\n	&lt;/tbody&gt;\r\n&lt;/table&gt;\r\n&lt;p&gt;\r\n	&amp;nbsp;&amp;nbsp;&amp;nbsp;&amp;nbsp;军事专家尹卓：“未来一定会有歼-20和歼-31上舰，我想我们今后的弹射起飞航母一定是选择五代机上舰，我们不会允许我们今后远洋碰到对手我们在这个航空平台上，跟人家有代差。今后我们周边的国家可能基本都会五代机化，日本、韩国这已经确定了买F-35，新加坡，马来西亚都有可能买五代机，印度大概是俄罗斯的T-50。那么周边的五代机化一定是一个趋势。我们未来航母的舰载机，应当是五代机，没有代差，这对我们航母的安全和行使它的正常的使命任务是必然的，必须的！”\r\n&lt;/p&gt;\r\n&lt;p&gt;\r\n	五代机、弹射起飞是我国航母发展的必然趋势。随着我国国产大型预警机、运输机、驱逐舰等一系列武器装备的面世，以我国的技术能力，实现航母舰载机弹射起飞指日可待。\r\n&lt;/p&gt;\r\n&lt;table&gt;\r\n	&lt;tbody&gt;\r\n		&lt;tr&gt;\r\n			&lt;td&gt;\r\n				&lt;p align=&quot;center&quot;&gt;\r\n					&lt;img src=&quot;http://5b0988e595225.cdn.sohucs.com/images/20171205/dcef70b330254f9ea9d0cf7d7b8ba17d.jpeg&quot; width=&quot;500&quot; height=&quot;348&quot; /&gt; \r\n				&lt;/p&gt;\r\n			&lt;/td&gt;\r\n		&lt;/tr&gt;\r\n	&lt;/tbody&gt;\r\n&lt;/table&gt;\r\n&lt;p&gt;\r\n	&amp;nbsp;&amp;nbsp;&amp;nbsp;&amp;nbsp;军事专家尹卓：“我个人的看法当然是电磁弹射是最好的。最适合我们下一代自研航母的。现在的电磁弹射我们弹的是歼-15，弹歼-15表明什么，它是个工程样机，而不是原理样机，不是个试验性的装置，它是个成熟的工程样机，就是它完全可以移植到舰上去，直接可以使用，而且我可以明白地告诉大家，我们电磁弹射比美国现在用的福特级电磁弹射要好得多，我们技术上要成熟得多，他的很多重大问题现在还存在，我们早已经解决，我们在电磁弹射技术上，我们远远领先于美国。”\r\n&lt;/p&gt;\r\n&lt;p&gt;\r\n	&amp;nbsp;&amp;nbsp;&amp;nbsp;&amp;nbsp;首艘国产航母是我国头一次完全自主设计建造的航空母舰，所以我们也格外关注它的建造和试验过程。这整个过程有几个重要的节点，其中之一就是结束舾装工作，展开系泊试验。这个节点标志着航母内外的航行、生活和战斗设施都已经基本安装完毕，已经是一艘完整的航母了。那么系泊试验阶段，具体要做些什么呢？\r\n&lt;/p&gt;\r\n&lt;table&gt;\r\n	&lt;tbody&gt;\r\n		&lt;tr&gt;\r\n			&lt;td&gt;\r\n				&lt;p align=&quot;center&quot;&gt;\r\n					&lt;img src=&quot;http://5b0988e595225.cdn.sohucs.com/images/20171205/4e891909758340db807cbda7c5a3cb99.jpeg&quot; width=&quot;500&quot; height=&quot;370&quot; /&gt; \r\n				&lt;/p&gt;\r\n			&lt;/td&gt;\r\n		&lt;/tr&gt;\r\n	&lt;/tbody&gt;\r\n&lt;/table&gt;\r\n&lt;p&gt;\r\n	&amp;nbsp;&amp;nbsp;&amp;nbsp;&amp;nbsp;系泊试验，也被称为“码头试车”，航母要系泊在码头上，接通岸上的电力，来试动力系统、武器系统等各大系统的是否可以正常运行。比如动力系统，要试它主机、辅机的控制信号是否通畅，试水温、水压、油压等是否正常。\r\n&lt;/p&gt;\r\n&lt;p&gt;\r\n	试武器系统，要试指挥控制信号发出后，是否能及时到达位于航母各处的火力单元，比如不同口径的火炮、防空导弹和中近程导弹等等。\r\n&lt;/p&gt;\r\n&lt;table&gt;\r\n	&lt;tbody&gt;\r\n		&lt;tr&gt;\r\n			&lt;td&gt;\r\n				&lt;p align=&quot;center&quot;&gt;\r\n					&lt;img src=&quot;http://5b0988e595225.cdn.sohucs.com/images/20171205/628a39f043f8403eb830adb5a001ee1d.jpeg&quot; width=&quot;500&quot; height=&quot;368&quot; /&gt; \r\n				&lt;/p&gt;\r\n			&lt;/td&gt;\r\n		&lt;/tr&gt;\r\n	&lt;/tbody&gt;\r\n&lt;/table&gt;\r\n&lt;p&gt;\r\n	&amp;nbsp;&amp;nbsp;&amp;nbsp;&amp;nbsp;系泊试验完成又是一个重要节点，接下来航母就会开始海试。海试主要是试验航母各系统的适航性。要看一下实际跑起来之后，动力系统是否正常，各种管路有没有爆管或是泄露的地方。在茫茫大海上，航母就好似一叶扁舟。海试过程中还要让航母在航行中把加速、减速，拐大弯，等各种动作都走一遍。并且还要试验航母在不同大小的风浪中倾斜情况怎么样，这关系到日后的舰载机起降和舰载武器的使用。比如，预计防空导弹在六级海况下可以使用，那么在海试中要实际验证一下，看看是不是的确可以用。\r\n&lt;/p&gt;\r\n&lt;p&gt;\r\n	&amp;nbsp;&amp;nbsp;&amp;nbsp;&amp;nbsp;航母试航的目的就是发现问题，解决问题，试航过程造船企业的工程师和技术人员会都会跟着上舰，把发现的问题记录下来，明确责任分工，制定解决方案，规定时间。待问题都解决之后，这艘航母就可以交给部队服役了。\r\n&lt;/p&gt;\r\n&lt;table&gt;\r\n	&lt;tbody&gt;\r\n		&lt;tr&gt;\r\n			&lt;td&gt;\r\n				&lt;p align=&quot;center&quot;&gt;\r\n					&lt;img src=&quot;http://5b0988e595225.cdn.sohucs.com/images/20171205/48096bc5fc514344b536ddb4e742333c.jpeg&quot; width=&quot;500&quot; height=&quot;361&quot; /&gt; \r\n				&lt;/p&gt;\r\n			&lt;/td&gt;\r\n		&lt;/tr&gt;\r\n	&lt;/tbody&gt;\r\n&lt;/table&gt;\r\n&lt;p&gt;\r\n	&amp;nbsp;&amp;nbsp;&amp;nbsp;&amp;nbsp;对于前后使用过几十艘航空母舰的美国海军来说，海试仍是每艘航母必须经历的过程。今年7月，美国首艘福特级核动力航母福特号正式入列服役。这之前，福特号按照美国海军的验收条例在海试阶段接受了500多项测试。其中包括主推进器、辅助系统、转向系统的测试，比如紧急转向和高速转弯，这两项试验是航母在建造完成或改装大修之后，需要进行的一种压力测试，目的是检查航母的适航性。而抛锚泊船主要是测试锚机、锚链以及其它抛锚、收锚设备的运转情况。损管系统的测试也是一个大项，画面上正在进行的就是损管系统中的消防系统测试。机库上方喷出的是水成膜泡沫，也称为轻水泡沫，它是舰船广泛使用的灭火剂，一旦发生火灾可以有效防止火势蔓延。甲板上白色泡沫四处飞散，就像是有个超大的洗衣机出了故障，这个场面常常被戏称为航母在洗澡，其实这是飞行甲板的灭火测试。这个喷淋装置除了能够灭火，还用于航母受到核生化武器袭击后的洗消工作。测试中航母舰员们会在造船厂工作人员的指导下学习如何使用这些设备，以应对突发的紧急情况。\r\n&lt;/p&gt;\r\n&lt;table&gt;\r\n	&lt;tbody&gt;\r\n		&lt;tr&gt;\r\n			&lt;td&gt;\r\n				&lt;p align=&quot;center&quot;&gt;\r\n					&lt;img src=&quot;http://5b0988e595225.cdn.sohucs.com/images/20171205/b26518cbc52844a6b441232f4daf5e6d.jpeg&quot; width=&quot;500&quot; height=&quot;363&quot; /&gt; \r\n				&lt;/p&gt;\r\n			&lt;/td&gt;\r\n		&lt;/tr&gt;\r\n	&lt;/tbody&gt;\r\n&lt;/table&gt;\r\n&lt;p&gt;\r\n	&amp;nbsp;&amp;nbsp;&amp;nbsp;&amp;nbsp;福特号航母在5月26日完成了验收试航，7月22日正式入列美国海军，但对于这艘使用了多种新技术的航母来说，测试工作并没有结束。福特号是第一艘使用电磁弹射器的航空母舰，按设计标准它每45秒就可以弹射一架飞机，比上一代使用蒸汽弹射器的尼米兹级航母快25%。入列6天之后，福特号首次用一架真正的超级大黄蜂舰载战斗机，测试了它的电磁弹射器和电磁拦阻装置，在未来它还需要弹射和回收多种不同重量的舰载机，来验证电磁弹射器的性能和可靠性。\r\n&lt;/p&gt;\r\n&lt;table&gt;\r\n	&lt;tbody&gt;\r\n		&lt;tr&gt;\r\n			&lt;td&gt;\r\n				&lt;p align=&quot;center&quot;&gt;\r\n					&lt;img src=&quot;http://5b0988e595225.cdn.sohucs.com/images/20171205/cd239d4f2834457c83ed2f87b87a28c6.jpeg&quot; width=&quot;500&quot; height=&quot;364&quot; /&gt; \r\n				&lt;/p&gt;\r\n			&lt;/td&gt;\r\n		&lt;/tr&gt;\r\n	&lt;/tbody&gt;\r\n&lt;/table&gt;\r\n&lt;table&gt;\r\n	&lt;tbody&gt;\r\n		&lt;tr&gt;\r\n			&lt;td&gt;\r\n				&lt;p align=&quot;center&quot;&gt;\r\n					&lt;img src=&quot;http://5b0988e595225.cdn.sohucs.com/images/20171205/8ad06b57b94647dd855f4cde67047db9.jpeg&quot; width=&quot;500&quot; height=&quot;362&quot; /&gt; \r\n				&lt;/p&gt;\r\n			&lt;/td&gt;\r\n		&lt;/tr&gt;\r\n	&lt;/tbody&gt;\r\n&lt;/table&gt;\r\n&lt;p&gt;\r\n	&amp;nbsp;&amp;nbsp;&amp;nbsp;&amp;nbsp;另一艘新航母——英国的“伊丽莎白女王”号，也在今年进行了它的海试工作。6月26日“伊丽莎白女王”号开始首次海试，它原计划前往北海完成多项测试工作，然后抵达朴茨茅斯海军基地交付英国海军。然而仅仅不到半个月，航母推进系统的主轴就出现了故障，还有5名舰员因为水密舱门操作不当而受伤，海试工作被迫中止。10月30日“伊丽莎白女王”号再次起航，在航行中对动力、雷达和通信等系统进行测试，为明年准备开展的全面飞行试验做准备。据美国国防部公布的消息，美国将帮助伊丽莎白女王号航母完成F-35B战斗机的上舰测试工作。\r\n&lt;/p&gt;\r\n&lt;p&gt;\r\n	&amp;nbsp;&amp;nbsp;&amp;nbsp;&amp;nbsp;美国在航母建造和使用方面比较有经验，而我国首艘国产航母的出现就标志着我们正在努力追赶这些海军强国。自从首艘国产航母下水以后，国内各大媒体和军事论坛上就已经有不少人开始讨论第二艘国产航母是什么样子，甚至还有不少军迷争相晒出了自己设计的未来国产航母想象图。\r\n&lt;/p&gt;\r\n&lt;table&gt;\r\n	&lt;tbody&gt;\r\n		&lt;tr&gt;\r\n			&lt;td&gt;\r\n				&lt;p align=&quot;center&quot;&gt;\r\n					&lt;img src=&quot;http://5b0988e595225.cdn.sohucs.com/images/20171205/38133988b3e5463e8c6b7f198067021c.jpeg&quot; width=&quot;500&quot; height=&quot;365&quot; /&gt; \r\n				&lt;/p&gt;\r\n			&lt;/td&gt;\r\n		&lt;/tr&gt;\r\n	&lt;/tbody&gt;\r\n&lt;/table&gt;\r\n&lt;p&gt;\r\n	&amp;nbsp;&amp;nbsp;&amp;nbsp;&amp;nbsp;来看这款设计，和我们现在首艘国产航母最大的不同就是，它采用通长甲板，舰载机弹射起飞，并且有三个弹射器。这种设计是否合理？我国第二艘国产航母会是什么样？我们也就这些问题请教了军事专家。\r\n&lt;/p&gt;\r\n&lt;p&gt;\r\n	&amp;nbsp;&amp;nbsp;&amp;nbsp;&amp;nbsp;据专家介绍，我国第二艘国产航母，会完全脱离辽宁舰的影响，不再使用滑跃起飞方式，而是采用大家都期待的这种大甲板和弹射起飞的方式，这样不但可以大幅缩短舰载机起飞的时间间隔，更有利于航母上起降固定翼预警机，专用电子战飞机，固定翼反潜机，大中型无人机等信息化作战平台，增加我们航母编队的信息化作战能力，提升航母作战半径和预警范围。另外，它的舰载机联队的飞机数量会远远超过辽宁舰和首艘国产航母，舰载机至少在60架以上。舰载攻击飞机应该是大型化的，四代机和五代机结合使用，四代机歼-15可以携带大量的对空对陆对海的导弹，特别是五代机携带不了的远程的导弹。而五代机可以发挥它的隐身优势，执行踹门行动。\r\n&lt;/p&gt;\r\n&amp;nbsp;&amp;nbsp;&amp;nbsp;&amp;nbsp;航母是国家军事实力的一个象征，我国航母起步虽晚，但发展势头迅猛，有了首艘国产航母，就会有更多更先进的航母跟上来，强大的人民海军将是保卫祖国海疆，维护世界和平的重要力量。',1512480054,1512480054),(14,36,'&amp;nbsp;&amp;nbsp;&amp;nbsp;&amp;nbsp;12月5日上午，中国消费者协会在京召开共享单车企业公开约谈会，就消费者普遍关心的押金和预付金存管、车辆投放与运维等问题约谈相关企业。据了解，中消协通过多种途径联系目前市场上规模相对较大的共享单车企业，摩拜、ofo、永安行、优拜、哈罗单车、拜客出行、小蓝等7家共享单车企业派相关负责同志参加了当天的约谈会。\r\n&lt;p style=&quot;font-size:16px;&quot; align=&quot;center&quot;&gt;\r\n	&lt;img src=&quot;http://himg2.huanqiu.com/attachment2010/2017/1205/20171205123240538.jpg&quot; /&gt;\r\n&lt;/p&gt;\r\n&lt;p style=&quot;font-size:16px;&quot;&gt;\r\n	　　中消协在京召开共享单车企业公开约谈会。 \r\n图片来源：中消协官网据悉，早在今年3月23日，中消协召开了提升共享单车服务消费维权工作座谈会。今年8月1日，交通运输部等10部门联合印发《关于鼓励和规范互联网租赁自行车发展的指导意见》，就加强用户资金监管、规范企业运营服务、加强停放管理和监督执法等提出了明确要求。据中消协介绍，近期，部分共享单车企业因经营不善陆续停业使得相关问题持续发酵，中消协和部分地方消协组织短期内收到大量消费者投诉和情况反映，消费者的合法权益受到损害，消费信心受到影响。12月1日，中消协组织召开共享单车问题座谈会，邀请相关司法、法律问题专家，就押金、预付费以及权益损害救济等问题进行了公开讨论。\r\n&lt;/p&gt;\r\n&lt;p style=&quot;font-size:16px;&quot;&gt;\r\n	　　在企业公开约谈会会上，根据部分企业代表的情况介绍，目前共享单车企业分为收取押金骑行和免押金骑行两种方式。免押金骑行一般需要考察消费者的第三方信用评分，超过一定分值就可以免收押金。收取押金的单车企业一般将押金统一存放在银行进行专门管理。消费者的押金和预付资金余额均可退，但各企业退款时效、具体金额与消费者的支付方式、余额组成有关。\r\n&lt;/p&gt;\r\n&lt;p style=&quot;font-size:16px;&quot;&gt;\r\n	　　企业代表表示，将通过加强日常巡检、消费者反馈、车辆状态监测等手段，进一步做好车辆的检修、保养和投放、流转等工作，更加方便消费者使用；将积极加强与人民银行、银监会等金融部门的联系，主动接受窗口指导和监督管理，确保消费者押金和预付金额安全。据介绍，部分企业已经或正在与交通运输、城市管理、公安网监等职能部门进行沟通和对接，做好车辆投放、公共秩序维护、信息安全等方面的工作。\r\n&lt;/p&gt;\r\n&lt;p style=&quot;font-size:16px;&quot;&gt;\r\n	　　中消协认为，共享单车是互联网租赁经营的创新形式，作为城市慢行交通的新兴服务形式，具有公共性和便利性的特点，促进了消费者绿色出行、便捷出行。中消协要求广大共享单车企业：一是严格落实《关于鼓励和规范互联网租赁自行车发展的指导意见》要求，诚实守信、依法经营，承担起消费维权第一责任人的责任；二是强化责任意识，自觉承担共享单车行业健康发展的主体责任，确保企业运营状态安全稳定有序；三是深化安全意识，尽可能采取免收押金的方式提供自行车租赁服务，主动采取技术性保护措施，确保消费者个人信息安全。对于企业收取消费者的押金和预付资金，要采用安全透明的资金监管方式，确保消费者押金和预付资金的安全；四是要优化服务意识，把保护消费者合法权益放到优先位置，方便消费者投诉咨询，快速回应消费者诉求，及时化解消费者疑虑。中消协建议政府有关部门，采取有效措施，积极履行《关于鼓励和规范互联网租赁自行车发展的指导意见》的监管责任，促进共享单车行业企业的健康有序发展，引导更多消费者放心舒心消费、安全绿色出行。\r\n&lt;/p&gt;',1512480250,1512480250),(15,37,'&lt;span style=&quot;font-size:14px;&quot;&gt;&amp;nbsp;&amp;nbsp;&amp;nbsp; 美国官员5日说，总统特朗普将于当地时间6日宣布承认耶路撒冷为以色列首都，但美国驻以色列使馆迁至耶路撒冷的工作预计将耗时数年才能完成。&lt;/span&gt;&lt;br /&gt;\r\n&lt;p&gt;\r\n	&lt;span style=&quot;font-size:14px;&quot;&gt;&amp;nbsp;&amp;nbsp; &amp;nbsp;这将是美国总统首次作出这一表态，引发中东多国强烈反对。中东多国警告，此举可能引发“危险后果”，破坏巴以和平进程。&lt;/span&gt;\r\n&lt;/p&gt;\r\n&lt;p&gt;\r\n	&lt;span style=&quot;font-size:14px;&quot;&gt;&lt;br /&gt;\r\n&lt;/span&gt;\r\n&lt;/p&gt;\r\n&amp;nbsp;&amp;nbsp; &amp;nbsp;&lt;span style=&quot;font-size:12px;&quot;&gt;&lt;strong&gt;新闻事实&lt;/strong&gt;&lt;/span&gt;&lt;br /&gt;\r\n&amp;nbsp;&amp;nbsp; &amp;nbsp;美国政府官员5日晚举行媒体吹风会，三名匿名高级官员表示，特朗普此举主要是对“现实的认可”，也是兑现竞选承诺，同时，美驻以使馆从特拉维夫搬迁至耶路撒冷的工作将启动。但因涉及人员和安保等问题，迁馆工作预计将耗时数年。据悉，特朗普将于6日签署推迟迁馆的命令。&lt;br /&gt;\r\n&amp;nbsp;&amp;nbsp; &amp;nbsp;这些官员没有明确表示新使馆选址是否会位于巴勒斯坦和以色列的争夺焦点东耶路撒冷。&lt;br /&gt;\r\n&amp;nbsp;&amp;nbsp; &amp;nbsp;美国官员表示，特朗普仍致力于推进巴以和谈进程，并准备支持“两国方案”。&lt;br /&gt;\r\n&amp;nbsp;&amp;nbsp; &amp;nbsp;当天早些时候，特朗普分别与巴勒斯坦、约旦、沙特阿拉伯、埃及等地区国家领导人通电话通报上述决定。各国均警告，此举可能引发“危险后果”，将破坏巴以和平进程，也会对全世界穆斯林的感情造成极大伤害。&lt;br /&gt;\r\n&lt;p&gt;\r\n	&lt;br /&gt;\r\n&lt;/p&gt;\r\n&lt;p&gt;\r\n	&amp;nbsp;&amp;nbsp;&amp;nbsp; &lt;strong&gt;深度分析&lt;/strong&gt;\r\n&lt;/p&gt;\r\n&amp;nbsp;&amp;nbsp; &amp;nbsp;特朗普一旦正式宣布这一决定，必将引发中东地区和国际社会一系列连锁反应。&lt;br /&gt;\r\n&amp;nbsp;&amp;nbsp; &amp;nbsp;首先，这一举动势必会破坏巴以和谈，引发新一轮巴以冲突，增加地区紧张局势。土耳其总统埃尔多安表示，如果美国承认耶路撒冷是以色列首都，土耳其将与以色列断交。&lt;br /&gt;\r\n&amp;nbsp;&amp;nbsp; &amp;nbsp;其次，美国明显的偏袒立场也会使其失去巴方信任，使长期以来美国在巴以问题上所作努力付诸东流，此举可能会引发伊斯兰国家普遍的反美、反以情绪，损害美国国际信誉和影响力。&lt;br /&gt;\r\n&amp;nbsp;&amp;nbsp; &amp;nbsp;此外，美国驻伊斯兰国家外交人员人身安全也可能因抗议活动而受到威胁。&lt;br /&gt;\r\n&lt;p&gt;\r\n	&lt;br /&gt;\r\n&lt;/p&gt;\r\n&lt;p&gt;\r\n	&amp;nbsp;&amp;nbsp;&amp;nbsp;&amp;nbsp;&lt;strong&gt;第一评论&lt;/strong&gt;\r\n&lt;/p&gt;\r\n&amp;nbsp;&amp;nbsp; &amp;nbsp;美国政治圈有句名言“政治止于水边”，意思是外交不应受国内政治过多干扰，两党应在对外政策上显现“统一战线”。这种做法确保美国对外政策延续性，也对国际局势稳定有帮助。&lt;br /&gt;\r\n&amp;nbsp;&amp;nbsp; &amp;nbsp;特朗普如果最终承认耶路撒冷为以色列首都，自然兑现了竞选承诺，取悦了亲以色列的保守派选民，政治上可能得分，但却为本已趋缓的巴以纷争人为制造了新矛盾。这种只考虑国内政治、不顾国际公义的做法，在美国退出应对气候变化的《巴黎协定》时见过，在美国退出联合国教科文组织时也见过。&lt;br /&gt;\r\n&lt;p&gt;\r\n	&amp;nbsp;&amp;nbsp; &amp;nbsp;中东不稳定，世界难太平。近期，中东形势正处在一个从反恐到促和、从经济转型到社会变革的关键时期。在这个节点，为政治私利让和平努力付诸东流，受损害的不仅仅是中东，还有美国的国际信誉和影响力。\r\n&lt;/p&gt;\r\n&lt;p&gt;\r\n	&lt;br /&gt;\r\n&lt;/p&gt;\r\n&amp;nbsp;&amp;nbsp; &amp;nbsp;&lt;strong&gt;背景链接&lt;/strong&gt;&lt;br /&gt;\r\n&amp;nbsp;&amp;nbsp; &amp;nbsp;耶路撒冷地位是巴勒斯坦与以色列和解对话中分歧最严重的议题之一。以色列于1967年中东战争之后吞并东耶路撒冷，并于1980年通过立法单方面宣布整个耶路撒冷为以色列“永久、不可分割的首都”。巴勒斯坦坚持要求把东耶路撒冷作为巴方首都。国际社会普遍不承认以色列对耶路撒冷拥有主权。很多和以色列有外交关系的国家把使馆设在特拉维夫，而非耶路撒冷。&lt;br /&gt;\r\n&amp;nbsp;&amp;nbsp; &amp;nbsp;美国国会1995年通过“耶路撒冷使馆法案”，承认耶路撒冷为以色列首都，并要求政府于当年5月31日前将使馆迁往耶路撒冷，但允许总统以安全因素为由推迟迁馆，且必须每6个月签署一份相关文件。&lt;br /&gt;\r\n&amp;nbsp;&amp;nbsp; &amp;nbsp;为拉拢亲以色列的美国选民，特朗普去年竞选总统期间承诺，上台后将把美国驻以色列使馆从特拉维夫迁至耶路撒冷。但为配合推动巴以恢复和谈的努力，他于今年6月签署了延缓搬迁的文件。',1512652193,1512652193),(16,38,'&lt;p&gt;\r\n	　　今日，中国驻巴基斯坦大使馆发布消息称，恐怖分子策划近期对中国驻巴基斯坦机构和人员发动系列恐袭，提醒在巴中资机构和中国公民提高安防意识，加强内部防范，尽量减少外出，避免前往人员密集场所。\r\n&lt;/p&gt;\r\n&lt;p&gt;\r\n	　　众所周知，巴基斯坦与中国一直是友好国家，这次恐怖分子为什么会在巴基斯坦策划针对中国的恐怖袭击？这和前段时间声称被剿灭的“伊斯兰国”有无关系？\r\n&lt;/p&gt;\r\n&lt;p&gt;\r\n	　　对此，侠客岛采访了著名前战地记者、反恐问题专家邱永峥，看看他对此有何看法，文字内容略有编辑。\r\n&lt;/p&gt;\r\n&lt;div class=&quot;img_wrapper&quot; align=&quot;center&quot;&gt;\r\n	&lt;img src=&quot;http://n.sinaimg.cn/translate/w1019h695/20171208/xMmS-fypnsip1049059.jpg&quot; alt=&quot;&quot; width=&quot;638&quot; height=&quot;434&quot; /&gt; \r\n&lt;/div&gt;\r\n&lt;p&gt;\r\n	　　1、侠客岛：这次中国驻外使馆主动发出针对恐袭的预警通知，这是不是第一次？\r\n&lt;/p&gt;\r\n&lt;p&gt;\r\n	　　邱永峥：不是，以前在也门、阿富汗等恐怖活动较多的危险地区，我们的使馆都发布过恐袭预警，但一般都是说当地可能发生恐袭，提醒当地的中国公民注意安全等等。这次明确提及恐袭针对中国驻外机构和人员，这个措辞是第一次。\r\n&lt;/p&gt;\r\n&lt;p&gt;\r\n	　　2、侠客岛：怎么理解恐袭预警？预警对降低恐怖分子实施恐袭有多大作用？\r\n&lt;/p&gt;\r\n&lt;p&gt;\r\n	　　邱永峥：发布恐袭预警是个国际惯例。比如美国这次承认耶路撒冷是以色列的首都，引发中东局势不稳，美国驻中东地区所有的使馆、领馆都对美国公民发出了恐袭预警。\r\n&lt;/p&gt;\r\n&lt;p&gt;\r\n	　　西方国家在巴基斯坦、叙利亚、伊拉克等国家和地区的使馆，也经常会发布恐袭预警，提醒本国公民注意。一方面是震慑恐怖分子，但更重要的是提醒本国公民近期要低调，不要去敏感场所；另一方面也是在提醒所在国加强安保。\r\n&lt;/p&gt;\r\n&lt;p&gt;\r\n	　　现在通讯发达，使馆的恐袭预警会第一时间通过网络、手机等渠道发送到有关人员手中，起的效果还是比较明显的。但要说一个预警就能让恐怖分子放弃行动，那很难。恐怖分子在暗处，我们在明处，袭击有随意性，很难防止。\r\n&lt;/p&gt;\r\n&lt;div class=&quot;img_wrapper&quot; align=&quot;center&quot;&gt;\r\n	&lt;img src=&quot;http://n.sinaimg.cn/translate/w350h200/20171208/Sy5X-fypnsip1049202.jpg&quot; alt=&quot;&quot; /&gt; \r\n&lt;/div&gt;\r\n&lt;p&gt;\r\n	　　3、侠客岛：有人担心，这个预警意味着国际恐怖分子盯上中国了，您怎么看？\r\n&lt;/p&gt;\r\n&lt;p&gt;\r\n	　　邱永峥：这个应该客观、理性看待。中国在海外被恐怖分子当成目标盯上，一方面是因为这些年我们走出去的很多，中国在海外的利益越来越大，很多战乱地区都有中国人经商谋生，有中国企业投资生产。中国出去的人越多，遇到恐袭的可能性就会越大，毕竟现在世界还不太平。\r\n&lt;/p&gt;\r\n&lt;p&gt;\r\n	　　从预警时机上也可以理解。前不久，伊朗、叙利亚、俄罗斯都宣布“伊斯兰国”被击溃。完全消灭不太可能，只能说成体系的“伊斯兰国”被击溃了。这也造成了一个很严重的后果，因为“伊斯兰国”就像吸铁石一样，把全球各地的恐怖分子都吸引到他那里去，现在把它打烂了，就像一个毒蜂的蜂窝被砸烂了一样，他会满世界乱飞。那他能去哪了，肯定是回流，回熟悉的地方去。从世界各国来的，回到世界各国去。\r\n&lt;/p&gt;\r\n&lt;p&gt;\r\n	　　其中回流的一个重要方向就是南亚、东南亚。因为这些地方有比较好的宗教氛围和基础，同时这些国家权力机构对恐怖分子的控制力弱，在反恐经验、反恐力量建设上很不足，比如马来西亚、菲律宾、印尼等等。\r\n&lt;/p&gt;\r\n&lt;p&gt;\r\n	　　这些流散在四处的“伊斯兰国”成员，除了本国党政军的目标以外，也会在旅游景点、人群密集的地方，找一些比较软的目标下手，比如外国游客，这样的后果比较严重，影响力也大。目前在巴基斯坦的中国人和商会面临的就是这样的状况。\r\n&lt;/p&gt;\r\n&lt;div class=&quot;img_wrapper&quot; align=&quot;center&quot;&gt;\r\n	&lt;p&gt;\r\n		&lt;img src=&quot;http://n.sinaimg.cn/translate/w600h597/20171208/TiXh-fypnsip1049274.jpg&quot; alt=&quot;全球参与ISIS组织的人员分布图（图片来源于网络）&quot; width=&quot;569&quot; height=&quot;566&quot; /&gt;&lt;span class=&quot;img_descr&quot;&gt;&lt;br /&gt;\r\n&lt;/span&gt; \r\n	&lt;/p&gt;\r\n	&lt;p&gt;\r\n		&lt;span class=&quot;img_descr&quot;&gt;全球参与ISIS组织的人员分布图（图片来源于网络）&lt;/span&gt; \r\n	&lt;/p&gt;\r\n&lt;/div&gt;\r\n&lt;p&gt;\r\n	　　4、侠客岛：在我们的印象中，巴基斯坦对中国一直非常友好。这次专门针对中国机构和人员的巴基斯坦国内的恐怖分子，是属于哪里的？\r\n&lt;/p&gt;\r\n&lt;p&gt;\r\n	　　邱永峥：在伊斯兰国里有一支比较大的力量，就是东突武装分子，以色列的情报机构讲的很清楚，这个人数将以千来算，这是第一。\r\n&lt;/p&gt;\r\n&lt;p&gt;\r\n	　　第二，他们在很长时间里已经形成了单独的、成建制的作战力量，有一定经验。这里面有一些骨干是当年从阿巴边境，再到土耳其，再到叙利亚，再到伊拉克去的。现在被打散以后他们就肯定原路返回，首选就是回到巴基斯坦境内。回来之后他们继续要搞事的话，除了巴基斯坦当地的目标外，接下来的目标针对中国也不奇怪。\r\n&lt;/p&gt;\r\n&lt;p&gt;\r\n	　　4、侠客岛：去年两个中国公民被“伊斯兰国”恐怖分子杀害，您觉得这次可能发生的恐袭，与去年的事有关联吗？\r\n&lt;/p&gt;\r\n&lt;p&gt;\r\n	　　邱永峥：没有必然的联系，去年传教的两个人，可能与当地极端的宗教势力有关，你过来传教的话，触犯了当地宗教的信仰，所以发动袭击。这次以中国人为目标的话，与“伊斯兰国”、“东突”的回流人员有关可能性更大一些。\r\n&lt;/p&gt;\r\n&lt;p&gt;\r\n	　　还有一个更大的可能，就是中巴“一带一路”项目正在快速展开落实，比如瓜达尔港投入使用、中巴公路建设等等。随着中巴之间的合作越来越紧密，越来越现实，有一些地区的势力，以及国际上比较能左右政局的势力，想要通过制造一系列恐袭，来破坏、阻碍战略合作的进行，或者制造负面影响，这个可能性不排除。\r\n&lt;/p&gt;\r\n&lt;p&gt;\r\n	　　比如老挝，本来是一个很平静的国家，但是随着中老铁路建设的开始，马上就发生一系列袭击事件。有人想以恐怖袭击的手法来搅浑水，这是有可能的。而且中巴之间局势也很复杂，除此之外，中印博弈、区域外大国势力出于对南亚、印度洋战略的考虑，都可能来这里搅混水。这时候，恐袭虽然不会从根本上动摇你的根基，但会影响你的进展。\r\n&lt;/p&gt;\r\n&lt;div class=&quot;img_wrapper&quot; align=&quot;center&quot;&gt;\r\n	&lt;img src=&quot;http://n.sinaimg.cn/translate/w740h492/20171208/vClZ-fypnsip1049349.jpg&quot; alt=&quot;&quot; width=&quot;568&quot; height=&quot;377&quot; /&gt; \r\n&lt;/div&gt;\r\n&lt;p&gt;\r\n	　　5、侠客岛：巴基斯坦目前国内恐怖主义势力怎么样？有数据显示，这些年巴基斯坦国内日趋稳定，恐怖主义活动势力主要集中在中东。这次针对中国，是不是说明巴基斯坦国内的反恐局势在恶化？\r\n&lt;/p&gt;\r\n&lt;p&gt;\r\n	　　邱永峥：的确，前几年拉登死后，基地组织遭到重创，主要力量也转移到了中东，尤其是叙利亚、也门、伊拉克等地，接下来巴基斯坦塔利班和阿富汗塔利班也陆陆续续开始政治解决的议程，包括和美国进行谈判沟通，确实这几年稳定了很多。比如说这几年去伊斯兰堡和前几年去，感觉完全不一样，现在要安全得多。\r\n&lt;/p&gt;\r\n&lt;p&gt;\r\n	　　但现在“伊斯兰国”溃败后，导致大量“伊斯兰国”人员回流，从前去叙利亚、去伊拉克参加恐怖活动的巴基斯坦极端分子必然回来，回来的话肯定要制造事端，巴基斯坦局势面临恶化的可能。\r\n&lt;/p&gt;\r\n&lt;div class=&quot;img_wrapper&quot; align=&quot;center&quot;&gt;\r\n	&lt;img src=&quot;http://n.sinaimg.cn/translate/w608h434/20171208/gkie-fypnsip1049426.jpg&quot; alt=&quot;&quot; /&gt; \r\n&lt;/div&gt;\r\n&lt;p&gt;\r\n	　　6、侠客岛：这会对中巴经济走廊今后的发展会有怎样的影响？我们怎么做好下一阶段的安全防范？\r\n&lt;/p&gt;\r\n&lt;p&gt;\r\n	　　邱永峥：其实在建设中巴经济走廊的时候，中国和巴基斯坦对这一局势都考虑在内了。比如对可能面临的威胁，巴基斯坦专门组建了安全保卫部队，还有其它相当多的预防措施。除此之外，两国之间的情报分享和军事合作也在不断加强，包括两国反恐部队之间的联合演习、共同军演之类的，都在进行中。\r\n&lt;/p&gt;\r\n&lt;p&gt;\r\n	　　但是现在有一个缺陷就是，普通的公民和一般企业机构，在安全意识上还差一点。因为中国和平时间已经很长了，国内安全局势都很平稳，人家都说中国是全球最安全的国家。但这也带来了一定的负面影响，大家的安全意识会比较薄弱。即便反复告诉你，你所处的是一个高危地区，他可能也会觉得，恐怖袭击的目标都是当地的军警，不会把自己面临的状况当回事。但是，不排除有个别人会有别的想法，直接把你当成目标，这个是我们必须要面对的。\r\n&lt;/p&gt;\r\n&lt;p&gt;\r\n	　　所以在国外，无论是从个体、商业机构到企业再到驻外机构，我们都应该增强反恐意识，加强自身安全意识，这个特别重要。\r\n&lt;/p&gt;',1512778561,1512778561),(17,39,'&lt;div class=&quot;artical-player-wrap&quot; style=&quot;display:block; text-align:center&quot;&gt;\r\n    &lt;div class=&quot;a-p-hd&quot;&gt;\r\n        &lt;div id=&quot;J_Article_Player&quot;&gt;\r\n            视频加载中，请稍候...\r\n        &lt;/div&gt;\r\n        &lt;div class=&quot;a-p-info&quot;&gt;\r\n            &lt;label class=&quot;fl autoplayctrl&quot; suda-uatrack=&quot;key=videoq&amp;value=autoplay&quot; style=&quot;display:none;&quot;&gt;\r\n                &lt;input type=&quot;checkbox&quot; checked id=&quot;J_Video_Autoplay&quot; /&gt;\r\n                自动播放\r\n            &lt;/label&gt;\r\n            &lt;span id=&quot;J_Video_Source&quot;&gt; &lt;/span&gt;\r\n        &lt;/div&gt;\r\n    &lt;/div&gt;\r\n    &lt;div class=&quot;a-p-bd a-p-bd-b&quot; id=&quot;J_Play_List_Wrap&quot; style=&quot;display:none;&quot;&gt;\r\n        &lt;div class=&quot;a-p-slide&quot;&gt;\r\n            &lt;div class=&quot;a-p-s-list clearfix&quot; id=&quot;J_Play_List&quot;&gt;\r\n\r\n								\r\n				&lt;div class=&quot;a-p-s-item J_Play_Item&quot; play-data=&quot;252448973-1-1&quot; url-data=&quot;http://video.sina.com.cn/p/news/s/doc/2017-12-09/134367590307.html&quot; title-data=&quot;王毅:朝鲜半岛动武的选择绝不可接受&quot; source-data=&quot;&quot;&gt;\r\n					&lt;a href=&quot;javascript:;&quot; class=&quot;a-p-s-img&quot; hidefocus=&quot;true&quot; title=&quot;王毅:朝鲜半岛动武的选择绝不可接受&quot; &gt;\r\n						&lt;img width=&quot;120&quot; height=&quot;90&quot; src=&quot;http://n.sinaimg.cn/front/w1024h576/20171209/n6cI-fypnsip2285661.jpg&quot; alt=&quot;王毅:朝鲜半岛动武的选择绝不可接受&quot; /&gt;\r\n						&lt;i class=&quot;a-p-s-play&quot;&gt;play&lt;/i&gt;\r\n						&lt;span class=&quot;a-p-s-txt&quot;&gt;王毅:朝鲜半岛动武的选择绝不可接受&lt;/span&gt;\r\n					&lt;/a&gt;	\r\n				&lt;/div&gt;\r\n				\r\n            &lt;/div&gt;\r\n            &lt;a href=&quot;javascript:;&quot; class=&quot;a-p-s-prev&quot; id=&quot;J_Player_Prev&quot;&gt;向前&lt;/a&gt;\r\n            &lt;a href=&quot;javascript:;&quot; class=&quot;a-p-s-next&quot; id=&quot;J_Player_Next&quot;&gt;向后&lt;/a&gt;\r\n        &lt;/div&gt;\r\n    &lt;/div&gt;\r\n    &lt;script type=&quot;text/javascript&quot; charset=&quot;GBK&quot; src=&quot;http://www.sinaimg.cn/ty/sinaui/scrollpic/scrollpic2012070701.min.js&quot;&gt;&lt;/script&gt;\r\n	&lt;script type=&quot;text/javascript&quot; src=&quot;http://www.sinaimg.cn/dy/js/jquery/jquery-1.7.2.min.js&quot;&gt;&lt;/script&gt;\r\n	&lt;script type=&quot;text/javascript&quot; charset=&quot;GBK&quot; src=&quot;http://news.sina.com.cn/js/792/2015-03-13/149/videolist-2.js&quot;&gt;&lt;/script&gt;\r\n    &lt;script type=&quot;text/javascript&quot;&gt;\r\n        /*自动播放1*/\r\n		//var AUTOPLAY = 1;\r\n		var AUTOPLAY = 0; //2015.11.25日通知改成0\r\n\r\n        /*连播1*/\r\n		var CONTIPLAY = 1;\r\n        /*处理自动播放选项和cookie*/\r\n        (function() {\r\n            var Tool = CommonTool;\r\n            var chk = Tool.byId(\'J_Video_Autoplay\');\r\n            var ua = navigator.userAgent.toLowerCase();\r\n            var isIOS = /\\((iPhone|iPad|iPod)/i.test(ua);\r\n            if (isIOS) {\r\n                console.log(chk.parentNode.style.display);\r\n				//chk.parentNode.style.display = \'none\'; //2015.11.25 隐藏自动播放选项\r\n                return;\r\n            }\r\n			//chk.parentNode.style.display = \'\'; //2015.11.25 隐藏自动播放选项\r\n            var clickCookie = function() {\r\n                Tool.bindEvent(chk, \'change\',\r\n                function() {\r\n                    var chked = chk.checked;\r\n                    Tool.writeCookie(\'ArtiVAuto\', (chked ? 1 : 0), 24 * 365 * 10, \'/\', \'.sina.com.cn\');\r\n                });\r\n            }\r\n            var byCookie = function() {\r\n                var coo = Tool.readCookie(\'ArtiVAuto\');\r\n                if (coo) {\r\n                    if (parseInt(coo) == 0) {\r\n                        chk.checked = false;\r\n                        AUTOPLAY = 0;\r\n                    }\r\n                }\r\n            };\r\n            clickCookie();\r\n            byCookie();\r\n        })();\r\n\r\n        /*获取第一个视频vid*/\r\n        var firstItem = CommonTool.byClass(\'J_Play_Item\', \'J_Play_List\')[0];\r\n        var fInfo = firstItem.getAttribute(\'play-data\').split(\'-\');\r\n        var fVid = fInfo[0];\r\n        var fPid = fInfo[1];\r\n\r\n        var sinaBokePlayerConfig_o = {\r\n            container: &quot;J_Article_Player&quot;, //Div容器的id\r\n            width: 525,\r\n            height: 430,\r\n            playerWidth: 525, //宽\r\n            playerHeight: 430, //高\r\n            autoLoad: 1, //自动加载\r\n            autoPlay: AUTOPLAY, //自动播放\r\n            as: 0, //广告\r\n            pid: fPid,\r\n            tjAD: 0, //显示擎天柱广告\r\n            tj: 0, //片尾推荐\r\n            continuePlayer: 1, //连续播放\r\n            casualPlay: 1, //任意拖动视频\r\n            head: 0, //播放片头动画\r\n            logo: 0, //显示logo\r\n            share: 0,\r\n			thumbUrl: &quot;&quot;\r\n        };\r\n     \r\n    &lt;/script&gt;\r\n\r\n	&lt;script src=&quot;http://sjs2.sinajs.cn/video/sinaplayer/js/page/player.js&quot;&gt;&lt;/script&gt;\r\n    \r\n    &lt;script type=&quot;text/javascript&quot;&gt;\r\n        (function() {\r\n            var toggle = function(id, hide) {\r\n                var e = CommonTool.byId(id);\r\n                var par = e.parentNode;\r\n                if (hide) {\r\n                    CommonTool.addClass(par, e.className + \'_disabled\');\r\n                } else {\r\n                    CommonTool.removeClass(par, e.className + \'_disabled\');\r\n                }\r\n            }\r\n            var scroll = new ScrollPic();\r\n            scroll.scrollContId = &quot;J_Play_List&quot;; //内容容器ID\r\n            scroll.arrLeftId = &quot;J_Player_Prev&quot;; //左箭头ID\r\n            scroll.arrRightId = &quot;J_Player_Next&quot;; //右箭头ID\r\n            scroll.listEvent = &quot;onclick&quot;; //切换事件\r\n            scroll.frameWidth = 532; //显示框宽度 **显示框宽度必须是翻页宽度的倍数\r\n            scroll.pageWidth = 133 * 3; //翻页宽度\r\n            scroll.upright = false; //垂直滚动\r\n            scroll.speed = 10; //移动速度(单位毫秒，越小越快)\r\n            scroll.space = 15; //每次移动像素(单位px，越大越快)\r\n            scroll.autoPlay = false; //自动播放\r\n            scroll.autoPlayTime = 5; //自动播放间隔时间(秒)\r\n            scroll.circularly = false;\r\n            scroll._move = scroll.move;\r\n            scroll.move = function(num, quick) {\r\n                scroll._move(num, quick);\r\n                toggle(scroll.arrRightId, scroll.eof);\r\n                toggle(scroll.arrLeftId, scroll.bof);\r\n            };\r\n            scroll.initialize(); //初始化\r\n            toggle(scroll.arrLeftId, scroll.bof);\r\n        })();\r\n    &lt;/script&gt;\r\n\r\n	\r\n	&lt;script&gt;\r\n	var autoPlayCheck = $(&quot;#J_Video_Autoplay&quot;)[0].checked;\r\n		var autoPlayFlv = 0;\r\n		var autoPlayH5 = false;\r\n		if(autoPlayCheck){\r\n			autoPlayFlv = 1;\r\n			var autoPlayH5 = true;\r\n		}\r\n		\r\n	var flashConfig = {\r\n		url: &quot;&quot;,	// flash播放器地址,\r\n		container : &quot;J_Article_Player&quot;,\r\n		id: &quot;myMovie&quot;,\r\n		width: 525,\r\n		height: 430,\r\n			params : {\r\n			 allowNetworking : &quot;all&quot;,\r\n			 allowScriptAccess : &quot;always&quot;,\r\n			 wmode : &quot;opaque&quot;,\r\n			 allowFullScreen : &quot;true&quot;,\r\n			 quality : &quot;high&quot;\r\n			},\r\n			attributes: {},\r\n			flashvars: {\r\n				//autoPlay: autoPlayFlv,  //是否自动播放\r\n				autoPlay: 0,  //11.25通知改成0\r\n				loop: 0,		\r\n				autoLoad: 1,\r\n				thumbUrl: \'\',\r\n				tj: 0,\r\n				as: 0\r\n			},\r\n			h5attr: {\r\n				//autoPlay: autoPlayH5,  //是否自动播放\r\n				autoPlay: false,  //11.25通知改成false\r\n				controls: true, //是否显示控制条\r\n				loop: false,		\r\n				poster: \'\', //视频加载前欲加载的图片地址，即播放器一开始显示的截图\r\n				preload: \'auto\'\r\n			}\r\n	  };\r\n		\r\n		\r\n	\r\n	\r\n		var videoList = [\r\n						{\r\n				video_id: 252448973,\r\n				pid:1,\r\n				url: \'http://video.sina.com.cn/p/news/s/doc/2017-12-09/134367590307.html\',\r\n				title:\'王毅:朝鲜半岛动武的选择绝不可接受\'//,\r\n			//swfOutsideUrl:&quot;http://you.video.sina.com.cn/api/sinawebApi/outplayrefer.php/video_id=252448973/s.swf&quot;\r\n			},\r\n				\r\n	\r\n		]\r\n	\r\n	&lt;/script&gt;\r\n	\r\n	&lt;script&gt;\r\n		\r\n	(function($){\r\n	var Play = {\r\n		init: function(flashConfig, videoList){\r\n			this.flashConfig = flashConfig;\r\n			this.videoList = videoList;\r\n			this.playVideo = playVideo;\r\n			this.prev = this.current = 0;\r\n			this.length = this.videoList.length;\r\n			this.contNode = $(&quot;#J_Video_Autoplay&quot;);\r\n			this.titleNode = $(&quot;#J_Video_Source&quot;);\r\n			this.playListNode = $(&quot;#J_Play_List .J_Play_Item&quot;);\r\n			if(videoList.length!==1){\r\n				//显示小图\r\n				CommonTool.byId(\'J_Play_List_Wrap\').style.display=\'\';\r\n			}\r\n			if(videoList.length&lt;5){\r\n				CommonTool.byId(\'J_Player_Prev\').style.display=\'none\';\r\n				CommonTool.byId(\'J_Player_Next\').style.display=\'none\';\r\n			}\r\n			\r\n			this.initPlayer();\r\n			this.bind();\r\n		},\r\n		bind: function(){\r\n			var _this = this;\r\n			$(&quot;#J_Play_List&quot;).on(&quot;click&quot;, &quot;.J_Play_Item a&quot;, function(e){\r\n				e.preventDefault();\r\n				_this.playCurrent($(this));\r\n			});\r\n		},\r\n		initPlayer: function(){\r\n			var _this = this;\r\n			this.player = this.playVideo(this.flashConfig);\r\n			this.player.init(this.videoList[this.prev]);\r\n			this.player.on(&quot;playCompleted&quot;, function(){\r\n				_this.playNext();\r\n			});\r\n			this.playListNode.eq(0).addClass(&quot;selected&quot;);\r\n			this.titleNode.html(this.videoList[0].title);\r\n		},\r\n		playCurrent: function($this){\r\n			this.prev = this.current;\r\n			this.current = $this.parents(&quot;.J_Play_Item&quot;).index();\r\n			this.play(this.prev, this.current);\r\n		},\r\n		playNext: function(){\r\n			if(!this.contNode[0].checked){\r\n				return;\r\n			}\r\n			this.prev = this.current;\r\n			if(this.current &gt;= this.length - 1){\r\n				return;\r\n			}\r\n			this.current++;\r\n			this.play(this.prev, this.current);\r\n		},\r\n		play: function(prev, current){\r\n			this.player.playVideo(this.videoList[current]);\r\n			this.titleNode.html(this.videoList[current].title);\r\n			this.playListNode.eq(prev).removeClass(&quot;selected&quot;);\r\n			this.playListNode.eq(current).addClass(&quot;selected&quot;);\r\n		}\r\n	}\r\n	Play.init(flashConfig, videoList);\r\n})(jQuery);\r\n\r\n&lt;/script&gt;\r\n&lt;/div&gt;\r\n&lt;p&gt;\r\n	　原标题：在2017年国际形势与中国外交研讨会开幕式上的演讲\r\n&lt;/p&gt;\r\n&lt;p&gt;\r\n	　　外交部部长 王毅\r\n&lt;/p&gt;\r\n&lt;p&gt;\r\n	　　各位专家，各位朋友：\r\n&lt;/p&gt;\r\n&lt;p&gt;\r\n	　　很高兴又同大家在年末相聚，共同回顾一年来国际形势的风云变幻，盘点中国外交的春华秋实，同时也听取大家对下一步外交工作的真知灼见。\r\n&lt;/p&gt;\r\n&lt;p&gt;\r\n	　　即将过去的2017年，不论对世界还是中国，都是具有特殊和重要意义的一年。\r\n&lt;/p&gt;\r\n&lt;p&gt;\r\n	　　对世界而言，国际格局和力量对比正处于发展演变的重要关头，各种不稳定不确定因素日益增多，诸多新问题新挑战层出不穷。人类社会再一次走到历史的十字路口，是开放还是封闭，是合作还是对抗，是共赢还是零和？对这些问题，各方都在认真思索。在此过程当中，大国作出什么样的选择，将会牵动世界的未来发展，也攸关人类的前途命运。\r\n&lt;/p&gt;\r\n&lt;p&gt;\r\n	　　就中国来说，党的十八大以来，在以习近平同志为核心的党中央领导下，中国的各项事业都取得历史性成就，发生历史性变革。今年我们胜利召开中共十九大，确立了习近平新时代中国特色社会主义思想，开启了中国特色社会主义事业的新征程，同时也明确了进入新时代的中国外交应当努力的方向和目标，对困扰世界的重大问题提出了中国答案，那就是，高举和平、发展、合作、共赢旗帜，推动构建新型国际关系，推动构建人类命运共同体。可以说，2017年，既是中国外交的回顾总结之年，又是开启新篇之年。\r\n&lt;/p&gt;\r\n&lt;p&gt;\r\n	　　今年以来，我们在党中央坚强领导下，认真贯彻过去5年来习近平总书记提出的一系列新思想、新理念、新举措，推动中国外交继续积极创新，开拓进取，又取得不少重要突破和进展。归纳起来，主要有以下五个方面：\r\n&lt;/p&gt;\r\n&lt;p&gt;\r\n	　　一是描绘了共建“一带一路”的世纪蓝图。习近平主席提出“一带一路”重大倡议四年多来，“一带一路”建设从理念转化为行动、从愿景转变为现实，不断释放合作共赢的红利，不断汇聚吸引力凝聚力，世界上越来越多国家把期待的目光投向了中国，把合作的希望寄托于“一带一路”。\r\n&lt;/p&gt;\r\n&lt;p&gt;\r\n	　　今年5月，习主席在北京成功主持首届“一带一路”国际合作高峰论坛。世界各国热情高涨，纷纷要求与会，出现一席难求的盛况。29位外国国家元首和首脑齐聚北京，130多个国家的高级代表和70多个国际组织的负责人踊跃参会，成为中国首倡主办、层级最高、规模最大的多边外交活动，形成世界各国合力推进“一带一路”建设的全球共识。\r\n&lt;/p&gt;\r\n&lt;p&gt;\r\n	　　这次论坛上，习主席提出建设和平之路、繁荣之路、开放之路、创新之路、文明之路的目标，规划了“一带一路”未来合作的路径，展示了共同发展繁荣的前景。论坛以行动为导向、以项目为落脚点，达成5大类、76大项、270多项合作成果，推动一系列重大合作项目落地，编织起以亚欧大陆为中心，辐射全球各大陆、连接世界各大洋的互利合作网络，构建起发展战略对接、各自优势互补、彼此互联互通、包容开放发展的国际合作平台。\r\n&lt;/p&gt;\r\n&lt;p&gt;\r\n	　　“一带一路”之所以成为当今世界最受欢迎的国际公共产品，关键在于抓住发展赤字、治理赤字两大矛盾，针对经济增长乏力、合作动力不足双重困境，顺应各国要求加快发展的愿望，坚持共商共建共享的理念，从全球更大范围整合经济要素和发展资源，从而为破解发展难题、完善经济治理、实现可持续发展、推动全球化再平衡开辟了新的路径。\r\n&lt;/p&gt;\r\n&lt;p&gt;\r\n	　　到目前为止，我们已经同80个国家和组织签署“一带一路”合作协议，同30多个国家开展了机制化产能合作，在沿线24个国家推进建设75个境外经贸合作区，中国企业对沿线国家投资累计超过500亿美元，创造了近20万个就业岗位。以首届“一带一路”国际合作高峰论坛为契机，共建“一带一路”正在全面展开，日益呈现出强大的生机活力，不仅对全球发展产生积极和深远影响，也将为构建人类命运共同体注入强劲和持久动力。\r\n&lt;/p&gt;\r\n&lt;p&gt;\r\n	　　二是发出了引领全球化方向的时代强音。面对世界经济低迷不振，复苏艰难，面对国际局势动荡不安，纷争不断，政治家的判断力、领导力和行动力比黄金还要宝贵。习主席年初达沃斯之行，为世界各国提振了信心，给全球化进程指明了方向。\r\n&lt;/p&gt;\r\n&lt;p&gt;\r\n	　　习主席在世界经济论坛年会发表重要演讲，指出人类文明进步历程从来没有平坦的大道可走，再大的困难都不可能阻挡人类前行的步伐。遇到困难，不要埋怨自己，不要指责他人，而是要一起来战胜困难。指出困扰世界的很多问题并不是经济全球化造成的，开全球化的历史倒车行不通，就像世界经济的大海，不可能退回到孤立的小湖泊、小河流。强调要坚定不移发展开放型世界经济，搞保护主义如同把自己关进黑屋子，隔绝了阳光和空气。习主席还提出了推动世界经济增长和全球化再平衡的中国方案，呼吁联手打造创新驱动的增长模式、开放共赢的合作模式、公正合理的治理模式、平衡普惠的发展模式。\r\n&lt;/p&gt;\r\n&lt;p&gt;\r\n	　　习主席访问联合国日内瓦总部，是进入新世纪以来我国领导人首次到访这一多边国际组织，也是继习主席出席联合国成立70周年系列峰会后又一个重大外交行动，进一步发出中国全力支持联合国，全力支持多边主义的明确信号。习主席登上万国宫讲坛，系统阐述了共同构建人类命运共同体这一重大国际倡议，为解决人类社会面临的种种全球性挑战提出了中国方案，使中国理念上升为国际共识。\r\n&lt;/p&gt;\r\n&lt;p&gt;\r\n	　　从达沃斯到日内瓦，从汉堡到岘港，习主席在一系列国际场合发表重要演讲，提出鲜明主张，为世界经济把脉开方，为全球治理贡献力量。中国正在成为国际体系变革最为积极的因素，正在成为完善全球治理最为活跃的动力，中国梦与世界梦越来越紧密地联系在一起。\r\n&lt;/p&gt;\r\n&lt;p&gt;\r\n	　　三是在稳定大国关系方面发挥了中流砥柱作用。中美关系不仅攸关两国福祉，而且牵动整个世界。中美打开交往大门45年，一路走来有鲜花也有荆棘，有风雨更有彩虹。中美从相互隔绝发展到互为重要合作伙伴，关键在于双方从人民根本利益出发，从两国关系大局出发，把握好前进的正确方向。\r\n&lt;/p&gt;\r\n&lt;p&gt;\r\n	　　两国元首的引领，历来都是推动中美关系向前发展的关键所在。今年以来，习主席与特朗普总统举行3次会晤，多次通话通信，为世界上这对最复杂、最重要的双边关系发挥了战略稳定作用。特朗普总统上任后不久，中美元首就举行海湖庄园会晤，确立了涵盖中美关系各个领域的4个高级别对话机制，商定了主要方向的合作规划，实现了中美关系的平稳过渡和良好开局。中共十九大闭幕不久，特朗普总统对华进行国事访问，双方同意在互利互惠基础上拓展广泛领域合作，在相互尊重基础上妥善管控分歧，访问取得了实实在在成果，就深化各领域合作达成一系列重要共识，美方表示期待建立起更为强劲有力的美中关系。\r\n&lt;/p&gt;\r\n&lt;p&gt;\r\n	　　中美两国作为世界前两大经济体，彼此良性互动，致力合作共赢，是向国际社会发出的积极信号，也将为各方带来正面预期，不仅对中美双方有利，符合两国人民利益，也会受到国际社会的普遍欢迎。当然，中美关系从来都难以一帆风顺，始终是在克服各种困难和干扰中向前发展。两国社会制度不同，历史文化各异。中国无意改变美国，也不想取代美国；美国无法左右中国，更不可能阻止中国的发展。随着两国各领域合作全面铺开，各层次交往日益密切，中美彼此的利益越来越相互交融，共同利益已经远远超越分歧。合作则共赢，对抗必双输，这是任何有战略眼光和清醒头脑的人都会认同的客观事实，也是一个不以人的意志为转移的必然趋势。为此，中美之间需要进一步相互适应。中国愿意在相互尊重基础上，与作为超级大国的美国和平共处；美国也需要了解和接受一个走符合自身国情发展道路、坚持中国特色社会主义的中国。中美交往当然要遵守规则，这个规则就是公认的国际法和国际关系基本准则，就是联合国宪章的宗旨和原则，就是中美共同签署的三个联合公报。对中美两国而言，零和博弈、寻求对抗的陈旧思维已不可取，求同存异、合作共赢才是开辟未来的正道。\r\n&lt;/p&gt;\r\n&lt;p&gt;\r\n	　　中俄两国互为最大的邻国，中俄关系经历了国际风云的检验，日益显示其坚韧性和稳定性，呈现出历史的厚重感和穿透力。中俄全面战略协作伙伴关系在双方努力下保持高水平运行。今年一年内，习近平主席与普京总统实现了互访，举行5次会晤，密集沟通对表，在关乎全球战略稳定的重大问题上始终紧密协作，在关乎欧亚地区振兴的发展战略上加强深度对接，引领中俄战略协作向着更高水平、更宽领域、更深层次不断迈进，中俄关系已经成为当今世界维护和平安宁、主持公平正义、倡导合作共赢的重要基石。\r\n&lt;/p&gt;\r\n&lt;p&gt;\r\n	　　中欧四大伙伴关系建设不断取得新的进展。习主席成功访问德国、瑞士、芬兰，在汉堡同法国新任总统马克龙以及英国首相梅举行会晤，保持和加强战略沟通。李克强总理出席中国—欧盟领导人年度会晤，与中东欧16国领导人共同推进跨区域合作平台建设。面对欧洲内部聚集的各种不稳定因素，中国对欧政策稳如泰山，始终如一。我们将继续从全球格局和世界大势看待和推进中欧关系，坚定支持欧洲一体化进程，乐见欧盟的团结与发展，坚持在相互尊重基础上管控和处理分歧。同时，通过扩大相互利益汇合点，打造区域合作增长点，进一步丰富和拓展中欧关系的战略内涵。\r\n&lt;/p&gt;\r\n&lt;p&gt;\r\n	　　四是维护了周边形势稳定和地区合作势头。中国人常讲，远亲不如近邻。我们同邻国关系理应好上加好，亲上加亲。党的十九大后，习近平总书记、国家主席首次出访就选择了越南和老挝这两个山水相连的社会主义邻国，传统友谊焕发生机，务实合作深化拓展，并向国际社会传递出中国推动构建周边命运共同体的明确信号。一年来，习主席两次会见杜特尔特总统，李总理成功访问菲律宾，中菲关系展现稳定发展的前景。我们结交新朋友，更不忘老朋友，同柬埔寨、巴基斯坦、哈萨克斯坦、塔吉克斯坦等传统友好国家深化了彼此互信，巩固了相互支持。\r\n&lt;/p&gt;\r\n&lt;p&gt;\r\n	　　一段时间以来，中韩关系因“萨德”问题遭遇寒流。文在寅总统就任后，选择了对华友好合作，对外作出了不考虑追加萨德系统、不加入美国反导体系、不发展韩美日三方军事同盟的重要表态，双方就阶段性处理“萨德”问题达成一致。再过几天，文在寅总统将应习主席邀请对华进行首次国事访问。中方愿同韩方共同努力，以中韩建交25周年为契机，珍惜迄今合作成果，增进相互了解信任，有效管控矛盾分歧，深化务实互利合作，推动中韩关系健康发展，共同致力于朝鲜半岛的和平稳定。\r\n&lt;/p&gt;\r\n&lt;p&gt;\r\n	　　今年是中日邦交正常化45周年，45年的经验教训足以使人们认识到中日关系的症结所在和健康发展的至关重要。中方重视日方这段时间采取的改善对华关系举措，欢迎日方参与“一带一路”建设。希望日方不犹豫，不后退，不反复，多做有助于增信释疑的事情，多出有利于良性互动的主意，只要持续向前走，光明就在前头。我们愿与日方相向而行，推动中日关系早日回到正常发展轨道，使中日友好重新成为两国交往的主流。\r\n&lt;/p&gt;\r\n&lt;p&gt;\r\n	　　中印同为发展中大国，战略契合点远远大于具体分歧，合作需要明显超越局部摩擦。我们一贯重视作为两大邻国和两大文明古国的睦邻友好，同时坚定维护自身的主权权益与领土完整。我们有理有利有节处理了印度边防部队越界进入中国洞朗地区事件，通过外交手段使印方撤回装备和人员，既体现了对中印关系的珍惜和重视，也彰显了维护地区和平稳定的诚意与担当。我们相信，只要双方深入开展战略沟通，及时消除战略疑虑，中印合作的战略价值就会更清晰地呈现在人们面前，中印就能实现两国领导人期待的“龙象共舞”和“1+1=11”的前景。\r\n&lt;/p&gt;\r\n&lt;p&gt;\r\n	　　中蒙关系前一段经历了一些曲折。蒙古人民党新政府成立以来，更加重视发展对华关系。上个星期，蒙古新任外长首次访华，强调蒙古把中国置于对外政策的优先战略位置，重申蒙古坚定奉行一个中国政策，尊重中国在涉藏、涉疆以及台湾问题上的核心利益，中方对此予以充分肯定。蒙方意识到保持自身政策稳定的重要性，希把蒙中关系打造成邻国交往的典范，我们对此表示欢迎，愿与蒙方为此作出共同努力。\r\n&lt;/p&gt;\r\n&lt;p&gt;\r\n	　　中国历来是周边区域合作的引领者，地区和平发展的守望者。在岘港，面对亚太经济合作新形势新挑战，习主席在APEC领导人会议上坚持建设开放型经济体系，呼吁推进亚太自贸区进程，推动亚太经济一体化取得新的进展。在阿斯塔纳，习主席出席上海合作组织扩员后首次峰会，强调应不忘初心，弘扬“上海精神”，同时与时俱进，开创地区合作新局面，确保上合组织沿着正确方向向前发展。在马尼拉，李总理出席东亚合作领导人系列会议，推动中国—东盟关系从成长期迈向更高质量和更高水平的成熟期，呼吁加快东亚经济共同体建设进程。我们还积极推动澜湄合作这一中国首倡的次区域合作，弘扬“同饮一江水，命运紧相连”的澜湄主题，培育“平等相待、真诚互助、亲如一家”的澜湄文化，以推土机精神，开展接地气合作，突出务实高效，聚焦民生改善。启动一年多来，已取得可观早期收获，澜湄合作专项基金全面运行，创造了“天天有进展，月月有成果”的澜湄效率。\r\n&lt;/p&gt;\r\n&lt;p&gt;\r\n	　　中国在南海问题上的立场为历届中国政府所坚持，既体现了中国在政策上的连续性，又展示了我们维护主权的坚定性。南海沿岸诸国都是中国的邻国，我们始终希望南海成为和平之海，友谊之海、合作之海。今年以来，我们积极推动南海局势降温趋缓，同东盟国家恢复并巩固了通过当事国对话协商和平解决争议的共识，推进了地区国家共同制定南海规则的进程。在提前达成“南海行为准则”框架基础上，已正式宣布启动“准则”实质性案文的具体磋商。\r\n&lt;/p&gt;\r\n&lt;p&gt;\r\n	　　中国同东盟国家建立的信任弥足珍贵，稳定南海局势的成果来之不易。个别域外国家似乎对南海风平浪静并不舒服，还想伺机兴风作浪。但“青山遮不住，毕竟东流去”，中国和东盟国家完全有能力，也有智慧共同维护好南海地区的和平稳定。\r\n&lt;/p&gt;\r\n&lt;p&gt;\r\n	　　作为国际社会重要一员，中国积极斡旋周边地区的热点问题。在半岛核问题上，我们从维护国际核不扩散体系，维护朝鲜半岛和平稳定出发，始终坚持实现半岛无核化目标，坚持通过对话谈判解决问题。为此，我们全面落实联合国安理会各项涉朝决议，一方面以实际行动阻遏朝鲜的核导开发进程，一方面提出旨在为恢复对话谈判创造条件的“双暂停”倡议。中国坚持客观公正立场，秉持负责任的态度，为执行决议、劝和促谈、维稳防乱履行了应尽的国际义务，发挥了自身的独特作用。我们在阿富汗和巴基斯坦之间进行穿梭外交，推动双方同意建立双边危机管控机制，为阿富汗国内政治和解与重建、改善阿巴双边关系作出了贡献。我们对缅甸和孟加拉展开斡旋努力，提出了解决缅甸若开邦问题的“三步走”设想，得到缅孟两国积极响应，为双方坐下来达成初步共识、签署相关协议发挥了作用。\r\n&lt;/p&gt;\r\n&lt;p&gt;\r\n	　　五是开启了金砖合作第二个“金色十年”。在习主席亲自主持下，通过金砖五国共同努力，金砖机制顶住各种唱衰的论调，在厦门举行的领导人会晤取得圆满成功。厦门会晤决定，发展更紧密、更广泛、更全面的金砖战略伙伴关系，打造金砖合作经贸财金、政治安全、人文交流“三轮驱动”升级版，不仅为金砖国家合作开辟了更加光明的未来，而且提振了国际社会对新兴市场国家发展前景的正面预期，在金砖合作进程中具有标志性意义。\r\n&lt;/p&gt;\r\n&lt;p&gt;\r\n	　　厦门会晤还开创了“金砖+”合作新模式，举行新兴市场国家与发展中国家对话会，首次从全球范围邀请埃及等5个具有代表性的新兴市场国家和发展中国家领导人出席，聚焦落实2030年可持续发展议程，深化了与非洲、拉美、中东、欧亚国家的务实合作，构建了具有全球影响的南南合作新平台。\r\n&lt;/p&gt;\r\n&lt;p&gt;\r\n	　　除了这五大方面主要成果，我们坚定维护国家主权安全，积极服务国内开放发展，加快海外利益保护能力建设，不断创新公共外交方式，启动推进对外工作机制体制改革，中国外交的内涵和外延不断拓展。\r\n&lt;/p&gt;\r\n&lt;p&gt;\r\n	　　十八大以来，中国外交之所以能够全方位展开，取得开创性成果，最重要的一个原因就是习近平总书记对外交工作的正确领导和亲力亲为。五年来，习总书记洞察世界大势，站立时代潮头，在外交领域提出了一系列新理念新举措和新战略，引领着中国外交不断前行；习总书记不辞辛劳，密集的元首外交维护了国家利益，提升了国际地位，树立起大国形象，展现出领袖风范。\r\n&lt;/p&gt;\r\n&lt;p&gt;\r\n	　　各位专家，各位朋友，\r\n&lt;/p&gt;\r\n&lt;p&gt;\r\n	　　党的十九大胜利召开，为中国外交指明了方向。习总书记在十九大报告中，明确提出我们要推动构建新型国际关系、推动构建人类命运共同体。这“两个构建”概括了中国外交今后努力的总目标。\r\n&lt;/p&gt;\r\n&lt;p&gt;\r\n	　　“两个构建”，源自五千年中华文化天下为公的优良传统，源自六十多年来新中国和平外交的核心价值，也源自中国共产党人把中国与各国人民福祉融为一体的世界情怀。\r\n&lt;/p&gt;\r\n&lt;p&gt;\r\n	　　构建新型国际关系，是要走出一条国与国交往的新路。其核心内涵，一是相互尊重，主张国家不分大小、强弱、贫富一律平等，不同制度、宗教、文明一视同仁。二是公平正义，强调反对弱肉强食的丛林法则，维护世界各国尤其是发展中国家的正当合法权益。三是合作共赢，呼吁超越零和博弈、赢者通吃的旧思维，倡导共谋发展、互利互惠的新思路。\r\n&lt;/p&gt;\r\n&lt;p&gt;\r\n	　　构建人类命运共同体，是要拿出解决各种全球性难题的方案。不管什么国家，哪个民族，大家都生活在同一个星球上，可谓风雨同舟、命运与共，应当把这个世界建设成和睦的大家庭，把各国人民对美好生活的向往变成现实。具体而言就是推动建设“五个世界”，包括持久和平的世界、普遍安全的世界、共同繁荣的世界、开放包容的世界、清洁美丽的世界。这五个世界既是我国“五位一体”总体布局在国际层面的延伸，也顺应了人类发展进步潮流，符合世界各国的共同愿望。\r\n&lt;/p&gt;\r\n&lt;p&gt;\r\n	　　2018年，是贯彻落实十九大精神的开局之年，随着中国特色社会主义进入新时代，中国外交也需要呈现新气象，展示新作为，体现新担当。\r\n&lt;/p&gt;\r\n&lt;p&gt;\r\n	　　我们将践行十九大作出的战略规划部署，不断开创中国特色大国外交新局面。十九大报告关于外交部分的开篇就指出，“中国共产党是为中国人民谋幸福的政党，也是为人类进步事业而奋斗的政党，中国共产党始终把为人类作出新的更大的贡献作为自己的使命”。作为当今世界最大的发展中国家，中国仍然要把自身发展作为执政兴国的第一要务。13亿多中国人整体实现现代化，将是一幅波澜壮阔的历史画卷，本身就是中华民族对人类文明进步作出的最大贡献。中国外交必须首先为全面建成小康社会和实现“两个一百年”奋斗目标营造更良好的外部环境，提供更坚实的外部助力。与此同时，作为联合国安理会常任理事国，中国也应当在自身发展的过程中心系全球，兼济世界，为维护世界和平承担应尽的国际责任，为促进共同发展发挥应有的大国作用。进入新时代的中国外交，应当有更加远大的目光，更加恢宏的格局，更加开阔的胸襟，更加从容的气度，更多从全世界、全人类整体利益的角度思考问题，积极作为。\r\n&lt;/p&gt;\r\n&lt;p&gt;\r\n	　　面对世界的大发展、大变革和大调整，我们将继续高举和平、发展、合作、共赢的旗帜，在和平共处五项原则基础上发展同各国友好合作。我们将坚定捍卫以联合国为核心的当代国际体系，维护和拓展广大发展中国家的正当权益。我们将秉持共商共建共享的全球治理观，推动国际政治经济秩序朝着更加公正合理的方向发展。我们将坚持大小国家一律平等，和平解决国际争端，推进国际关系的民主化和法治化。我们将发挥好负责任大国作用，始终坚定不移地做世界和平的建设者、全球发展的贡献者、国际秩序的维护者。\r\n&lt;/p&gt;\r\n&lt;p&gt;\r\n	　　一、拓展全球伙伴关系网络，推动构建新型国际关系。近年来，中国顺应历史潮流，提出并建设对话而不对抗，结伴而不结盟的伙伴关系。习近平总书记明确指出，志同道合是伙伴，求同存异也是伙伴。在这一开放包容理念的指引下，我们已同100多个国家建立起伙伴关系。这些国家彼此之间各有不同，伙伴关系的名称和形式也不尽一致，但其实质内涵都是平等相待，互利共赢，都超越了社会制度和发展阶段的差异。中国的这一重要实践，为各国之间探索相处之道提供了新的选择，受到各方的普遍欢迎和认可。下一步，我们将进一步扩大同各国利益的汇合点，不断提升伙伴关系的含金量，为构建新型国际关系创造条件，增添动力。\r\n&lt;/p&gt;\r\n&lt;p&gt;\r\n	　　构建新型国际关系，大国是关键。我们将继续加强同俄罗斯、美国、欧洲等主要大国和国家集团的协调合作，构建总体稳定、均衡发展的大国关系框架，维护全球和平安宁，促进世界和谐发展。\r\n&lt;/p&gt;\r\n&lt;p&gt;\r\n	　　二、从周边和发展中国家着手，推进人类命运共同体建设。我们与周边国家山水相连、唇齿相依，历来是和平与发展的同路人，具有成为命运共同体的天然条件。习主席提出构建命运共同体倡议，首先就是立足周边，面向发展中国家。我们将从周边起步，以发展中国家为依托，稳步推进命运共同体建设。\r\n&lt;/p&gt;\r\n&lt;p&gt;\r\n	　　我们将按照亲诚惠容理念和与邻为善、以邻为伴周边外交方针深化同周边国家关系。抓住明年中国—东盟建立战略伙伴关系15周年等重要节点，通过制定“中国—东盟战略伙伴关系2030年愿景”，深化同周边国家的互利合作，帮助友好国家提高自主发展能力。我们将办好博鳌亚洲论坛、上合组织青岛峰会两大面向周边的主场外交，凝聚守望相助的地区共识，增添区域合作的发展动力。我们将坚持落实《宣言》和“准则”磋商“双轮驱动”，同域内国家一道，维护南海稳定，推动海上合作。我们还将同地区各国继续推动RCEP有关商谈进程，争取早日签署，为亚太合作开辟新的前景。\r\n&lt;/p&gt;\r\n&lt;p&gt;\r\n	　　我们将秉持正确义利观和真实亲诚理念加强同发展中国家团结合作，继续用好中非、中拉、中阿之间业已建立的机制性合作平台。明年中国外交的一件大事，就是主办好新一届中非合作论坛这一盛会。我们愿同非洲的兄弟姐妹共商未来发展大计，就中非合作推出新举措，打造新亮点，迈上新台阶。尤其是响应广大非洲国家的愿望，把“一带一路”倡议与非洲2063年议程更紧密相互对接，让共建“一带一路”成为引领中非全方位合作新的强劲动力。我们还将同拉美、阿拉伯国家举行中拉论坛、中阿合作论坛的部长级会议，为中拉、中阿合作注入新的内涵。\r\n&lt;/p&gt;\r\n&lt;p&gt;\r\n	　　三、全面推进“一带一路”建设，通过互利合作造福世界各国。习主席在“一带一路”国际合作高峰论坛发表的重要讲话，擘画了共建“一带一路”的宏伟蓝图。我们愿同各方一起，脚踏实地加油干，实施好首届高峰论坛的270项成果，建设好论坛的后续机制，开好重点领域部长级会议，为2019年举办第二届高峰论坛做好准备。我们愿把政策沟通、设施联通、贸易畅通、资金融通、民心相通落到实处，同更多国家达成共建“一带一路”的共识，以骨干通道和关键节点上的大项目为重点，取得更多惠及民生的早期收获。从中巴经济走廊到中老、中缅经济走廊，从比雷埃夫斯港到皎漂港，从亚洲的中老、中泰铁路到非洲、欧洲乃至拉丁美洲的铁路项目，我们将实现“一带一路”建设动力转换、提质升级。切实贯彻落实好共商共建共享理念，充分发挥这一国际公共产品的辐射和带动功能。\r\n&lt;/p&gt;\r\n&lt;p&gt;\r\n	　　此外，习主席已经在“一带一路”国际合作高峰论坛上宣布，明年中国将在上海举办首届中国国际进口博览会，这将是全世界第一个专门为进口举办的博览会，向世界表明中国愿意打开自己的市场，让各国分享中国的发展机遇。\r\n&lt;/p&gt;\r\n&lt;p&gt;\r\n	　　四、积极探索中国特色热点问题解决之道，为世界稳定发挥更大建设性作用。中国愿意参与热点问题的和平解决，积极探索具有中国特色的建设性介入方式。我们将继续倡导并践行“解决热点问题三原则”，即：坚持不干涉内政，反对强加于人；坚持客观公道，反对谋取私利；坚持政治解决，反对使用武力。这些原则经历了实践检验，取得了积极成效，得到越来越多国家的认同。\r\n&lt;/p&gt;\r\n&lt;p&gt;\r\n	　&lt;strong&gt;　当前，朝鲜半岛形势仍然深陷示强与对抗的恶性循环，前景不容乐观。但同时也要看到，和平的希望仍未湮灭，谈判的前景依然存在，动武的选择绝不可接受。我们认为，下一步各方还是应当认真考虑中方提出的“双暂停”倡议，先走出缓和局势的第一步，至少先把半岛局势从目前的“对抗黑洞”中拉出来，为重启对话谈判创造必要的条件和氛围。&lt;/strong&gt; \r\n&lt;/p&gt;\r\n&lt;p&gt;\r\n	　　在半岛核问题上，中方做了比各方都要多的努力，承受了比各方都要大的代价。我们始终认为，各方在处理这一问题上应当有一个共同的遵循，那就是必须遵循联合国安理会有关决议的规定和精神。安理会决议代表着国际社会的共同意志，是各成员方都需要遵守的国际责任，中方也将予以严格执行。如果谁提出不符合安理会决议的要求，实施安理会决议以外的举措，甚至采取单方面的行动，势必破坏安理会的团结，损害别国的正当权益，我们也决不会赞同和接受。\r\n&lt;/p&gt;\r\n&lt;p&gt;\r\n	　　这几天，中东局势再起波折。中国一向坚定支持巴勒斯坦人民恢复民族合法权利，支持建立以1967年边界为基础、以东耶路撒冷为首都、拥有完全主权的、独立的巴勒斯坦国。耶路撒冷的地位必须依据联合国决议通过对话谈判确定，“两国方案”仍是从根本上解决巴勒斯坦问题的可行途径。我们呼吁各方都保持谨慎克制，避免为挑战丛生的中东局势制造新的动荡。我们将落实好习主席提出的解决巴勒斯坦问题“四点主张”，争取年内在北京举行巴以和平人士研讨会，为推动解决巴以问题继续发挥建设性作用。叙利亚问题有望转入政治解决的新阶段，我们支持通过对话谈判达成未来政治安排，支持通过合力反恐维护地区稳定，支持通过和平重建实现长治久安。\r\n&lt;/p&gt;\r\n&lt;p&gt;\r\n	　　我们将继续加大对阿富汗问题的关注与投入。年底前，中国、阿富汗和巴基斯坦三国外长预定在北京举行首次三方外长会，就阿富汗和平和解重建、改善阿巴关系、开展中阿巴三方合作等展开探讨，争取达成更多共识，取得可视成果。我们还将继续发挥斡旋作用，推动缅甸若开邦问题逐步得到妥善解决。\r\n&lt;/p&gt;\r\n&lt;p&gt;\r\n	　　五、进一步贴近国情和人民需求，加大服务国内发展和保护海外利益的力度。今年，外交部先后在蓝厅举办了五场全球推介活动，支持云南、安徽、吉林、内蒙古、江西等5个中西部省区提升全球知名度，打造国际新名片，产生了积极成效。我们还成功举办多场外交外事知识进高校和进党校等活动，增进了社会各界对国际形势和外交政策的理解认知。\r\n&lt;/p&gt;\r\n&lt;p&gt;\r\n	　　我们将不断探索新思路新方式，更好为国内发展服好务。2018年，外交部将以“新时代的中国”为主题，办好更多地方省区市全球推介，全力服务京津冀协同发展、雄安新区规划建设、2022年冬奥会等战略部署，为各地扩大对外开放搭建高层次平台。我们还将发挥外交部和驻外使领馆信息资源优势，为国内改革发展提供“定制信息服务”。\r\n&lt;/p&gt;\r\n&lt;p&gt;\r\n	　　打造海外民生工程永远在路上。我们将不断加强能力和机制建设，坚持以人民为中心，深化领事工作改革，完善12308微信版等领事信息平台，让外交领事服务更接地气，更有人气。我们将适应海外利益不断延伸的新形势，适应人员和企业“走出去”的新特点，加大推动中外人员往来便利化。我们还将进一步完善领事保护机制体制，探索构建海外中国平安体系，编织中国公民和企业在海外的可靠安全网络。\r\n&lt;/p&gt;\r\n&lt;p&gt;\r\n	　　各位专家，各位朋友，\r\n&lt;/p&gt;\r\n&lt;p&gt;\r\n	　　“潮起宜踏浪，风正可扬帆。”今天的世界，正在经历前所未有的变革调整；今天的中国，即将迎来民族复兴的最终胜利。在这样一个伟大的时代，我们将在以习近平同志为核心的党中央领导下，牢记使命，不负重托，不断推动中国特色大国外交取得新突破，迈上新台阶。在此过程中，希望各位专家学者积极参与，建言献策。谢谢大家。\r\n&lt;/p&gt;',1512803772,1512803772),(18,40,'&lt;p align=&quot;center&quot;&gt;\r\n	&lt;img alt=&quot;资料图：民众购买车票。&lt;a target=\'_blank\' href=\'http://www.chinanews.com/\'&gt;中新社&lt;/a&gt;记者 张云 摄&quot; src=&quot;http://image1.chinanews.com.cn/cnsupload/big/2016/12-15/4-426/b40e4def47b24200939e5cc249156ff8.jpg&quot; title=&quot;资料图：民众购买车票。&lt;a target=\'_blank\' href=\'http://www.chinanews.com/\'&gt;中新社&lt;/a&gt;记者 张云 摄&quot; width=&quot;472&quot; height=&quot;315&quot; /&gt; \r\n&lt;/p&gt;\r\n&lt;p&gt;\r\n	&amp;nbsp;&amp;nbsp;&amp;nbsp;&amp;nbsp;&amp;nbsp;&amp;nbsp;&amp;nbsp; 据12306网站消息，全国铁路新运行图编制工作已全部完成，自12月12日起，全国主要干线旅客列车车票互联网、电话订票预售期恢复30天，详情请见各铁路局和车站公告。\r\n&lt;/p&gt;\r\n&lt;p&gt;\r\n	　　此前，受全国铁路列车运行图调整的影响，曾临时调整车票预售期，自11月27日起只发售12月25日(列车始发日期)及以前的车票。\r\n&lt;/p&gt;\r\n&lt;p&gt;\r\n	&amp;nbsp;&amp;nbsp;&amp;nbsp; &lt;a href=&quot;javascript:void(0)&quot;&gt;204专用链接&lt;/a&gt;\r\n&lt;/p&gt;',1512907605,1512907605),(19,41,'&lt;p&gt;\r\n	12月9日，&lt;strong class=&quot;kw&quot;&gt;&lt;a href=&quot;http://news.china.com/baike_5Lit5Zu9.html&quot; target=&quot;_blank&quot;&gt;中国&lt;/a&gt;&lt;/strong&gt;空军多型战机进行成体系远洋训练，轰—6K等多型战机编队飞越宫古海峡，提升了海上方向实战能力。新华社发（王磊摄）\r\n&lt;/p&gt;\r\n&lt;p class=&quot;pcenter&quot; align=&quot;center&quot;&gt;\r\n	&lt;img src=&quot;http://img2.utuku.china.com/650x0/news/20171210/05f14a71-bef2-4a3b-a0ef-283884275f57.jpg&quot; alt=&quot;12月9日，中国空军多型战机前出岛链成体系远洋训练。&quot; /&gt; \r\n&lt;/p&gt;\r\n&lt;p class=&quot;news_img_title&quot; style=&quot;text-align:center;&quot;&gt;\r\n	12月9日，中国空军多型战机前出岛链成体系远洋训练。\r\n&lt;/p&gt;\r\n&lt;p class=&quot;pcenter&quot; align=&quot;center&quot;&gt;\r\n	&lt;img src=&quot;http://img3.utuku.china.com/650x0/news/20171210/f720ad52-1a28-4b94-a9d8-685a6c9e7acb.jpg&quot; alt=&quot;12月9日，中国空军多型战机前出岛链成体系远洋训练。&quot; /&gt; \r\n&lt;/p&gt;\r\n&lt;p class=&quot;news_img_title&quot; style=&quot;text-align:center;&quot;&gt;\r\n	12月9日，中国空军多型战机前出岛链成体系远洋训练。\r\n&lt;/p&gt;\r\n&lt;p class=&quot;news_img_title&quot; style=&quot;text-align:center;&quot;&gt;\r\n	&lt;br /&gt;\r\n&lt;/p&gt;\r\n&lt;p class=&quot;pcenter&quot;&gt;\r\n	&lt;img src=&quot;http://img0.utuku.china.com/650x0/news/20171210/2e645e1b-6e62-41c7-ab83-9cc250110d50.jpg&quot; alt=&quot;12月9日，中国空军多型战机前出岛链成体系远洋训练。&quot; /&gt; \r\n&lt;/p&gt;\r\n&lt;p class=&quot;pcenter&quot;&gt;\r\n	&lt;img src=&quot;http://img1.utuku.china.com/650x0/news/20171210/33cb1079-af93-4c10-899c-513b62c0bd03.jpg&quot; alt=&quot;12月9日，中国空军多型战机前出岛链成体系远洋训练。&quot; /&gt; \r\n&lt;/p&gt;\r\n&lt;p class=&quot;news_img_title&quot; style=&quot;text-align:center;&quot;&gt;\r\n	&lt;br /&gt;\r\n&lt;/p&gt;\r\n&lt;p class=&quot;pcenter&quot;&gt;\r\n	&lt;img src=&quot;http://img2.utuku.china.com/650x0/news/20171210/5cc96176-42f5-4e8b-9714-614b39bf1e04.jpg&quot; alt=&quot;12月9日，中国空军多型战机前出岛链成体系远洋训练。&quot; /&gt; \r\n&lt;/p&gt;\r\n&lt;p&gt;\r\n	&lt;br /&gt;\r\n&lt;/p&gt;\r\n&lt;p&gt;\r\n	&lt;br /&gt;\r\n&lt;/p&gt;\r\n&lt;p class=&quot;news_img_title&quot; style=&quot;text-align:center;&quot;&gt;\r\n	&lt;br /&gt;\r\n&lt;/p&gt;\r\n&lt;p class=&quot;news_img_title&quot; style=&quot;text-align:center;&quot;&gt;\r\n	&lt;br /&gt;\r\n&lt;/p&gt;',1512908060,1512908060),(20,42,'&lt;p align=&quot;center&quot;&gt;\r\n	&lt;span&gt;&lt;img alt=&quot;（体育）（2）篮球——NBA常规赛：雄鹿胜活塞&quot; id=&quot;1129603137&quot; src=&quot;http://images.china.cn/attachement/jpg/site1000/20171208/d02788e9b71b1b9412ff34.jpg&quot; width=&quot;494&quot; height=&quot;462&quot; /&gt;&lt;/span&gt;\r\n&lt;/p&gt;\r\n&lt;p style=&quot;text-indent:30px;color:#333399;&quot;&gt;\r\n	&lt;span&gt;↑12月6日，活塞队球员布拉德利（前左）在比赛中倒向场边坐席。当日，在2017-2018赛季NBA常规赛中，密尔沃基雄鹿队主场以104比100战胜底特律活塞队。新华社发（乔尔·莱纳摄）&lt;/span&gt;\r\n&lt;/p&gt;\r\n&lt;p style=&quot;text-indent:30px;color:#333399;&quot;&gt;\r\n	&lt;span&gt;\r\n	&lt;p style=&quot;color:#333399;&quot; align=&quot;center&quot;&gt;\r\n		&lt;span&gt;&lt;img alt=&quot;（体育）（3）篮球——NBA常规赛：雄鹿胜活塞&quot; id=&quot;1129603138&quot; src=&quot;http://images.china.cn/attachement/jpg/site1000/20171208/d02788e9b71b1b9412ff35.jpg&quot; width=&quot;514&quot; height=&quot;354&quot; /&gt;&lt;/span&gt;\r\n	&lt;/p&gt;\r\n	&lt;p style=&quot;color:#333399;&quot; align=&quot;center&quot;&gt;\r\n		&lt;span&gt;&lt;img alt=&quot;（体育）（6）篮球——NBA常规赛：雄鹿胜活塞&quot; id=&quot;1129603139&quot; src=&quot;http://images.china.cn/attachement/jpg/site1000/20171208/d02788e9b71b1b9412ff36.jpg&quot; width=&quot;484&quot; height=&quot;749&quot; /&gt;&lt;/span&gt;\r\n	&lt;/p&gt;\r\n	&lt;p style=&quot;text-indent:30px;color:#333399;&quot;&gt;\r\n		&lt;span&gt;↑12月6日，活塞队球员布拉德利（右）在比赛中对雄鹿队球员安特托昆博（中）犯规。新华社发（乔尔·莱纳摄）&lt;/span&gt;\r\n	&lt;/p&gt;\r\n	&lt;p style=&quot;text-indent:30px;color:#333399;&quot;&gt;\r\n		&lt;span&gt;\r\n		&lt;p style=&quot;color:#333399;&quot; align=&quot;center&quot;&gt;\r\n			&lt;span&gt;&lt;img alt=&quot;（体育）（8）篮球——NBA常规赛：雄鹿胜活塞&quot; id=&quot;1129603140&quot; src=&quot;http://images.china.cn/attachement/jpg/site1000/20171208/d02788e9b71b1b9412ff37.jpg&quot; width=&quot;499&quot; height=&quot;699&quot; /&gt;&lt;/span&gt;\r\n		&lt;/p&gt;\r\n		&lt;p style=&quot;text-indent:30px;&quot;&gt;\r\n			&lt;span&gt;↑12月6日，雄鹿队球员安特托昆博（上）在比赛中上篮。新华社发（乔尔·莱纳摄）&lt;/span&gt;\r\n		&lt;/p&gt;\r\n&lt;br /&gt;\r\n&lt;/span&gt;\r\n	&lt;/p&gt;\r\n&lt;br /&gt;\r\n&lt;/span&gt;\r\n&lt;/p&gt;',1512908231,1512908231),(21,43,'&lt;p&gt;\r\n	&lt;span style=&quot;font-size:14px;&quot;&gt;　　10日，北京日报刊发中国驻克罗地亚前大使吴正龙的评论文章《中国已掌握南海形势主动权》。文章称，特朗普日前访问越南时毛遂自荐，提出要为南海争端提供“斡旋”，但是此言一出便石沉大海，并没有引发越方任何回应。相反，习近平主席访问越南时，双方就维护南海和平稳定达成重要共识。此外，杜特尔特上月中向中方承诺，菲律宾将按照双方达成的共识，通过双边渠道，妥善处理好海上问题。正反两方面例子都说明，当前中国与东盟国家特别是声索国关系更成熟和务实，中国掌握了南海事态发展的主动权。&lt;/span&gt;\r\n&lt;/p&gt;\r\n&lt;table&gt;\r\n	&lt;tbody&gt;\r\n		&lt;tr&gt;\r\n			&lt;td&gt;\r\n				&lt;p align=&quot;center&quot;&gt;\r\n					&lt;img src=&quot;http://5b0988e595225.cdn.sohucs.com/images/20171210/a3e9c901ab944799905f3c09a5c8be31.jpeg&quot; width=&quot;500&quot; height=&quot;333&quot; /&gt;\r\n				&lt;/p&gt;\r\n			&lt;/td&gt;\r\n		&lt;/tr&gt;\r\n	&lt;/tbody&gt;\r\n&lt;/table&gt;\r\n&lt;p align=&quot;center&quot;&gt;\r\n	&lt;span style=&quot;font-size:14px;&quot;&gt;吴正龙 来源：中国日报网&lt;/span&gt;\r\n&lt;/p&gt;\r\n&lt;p&gt;\r\n	&lt;strong&gt;&lt;span style=&quot;font-size:14px;&quot;&gt;以下为全文：&lt;/span&gt;&lt;/strong&gt;\r\n&lt;/p&gt;\r\n&lt;p&gt;\r\n	&lt;span style=&quot;font-size:14px;&quot;&gt;&amp;nbsp;&amp;nbsp;&amp;nbsp;&amp;nbsp;日前，东盟轮值主席国菲律宾总统杜特尔特发布了本届东盟峰会主席声明，声明中没有出现“对中国在南海的行为表示关切”这样的字眼，而是强调东盟与中国改善了关系，这与东盟以前发表的声明措辞不同。&lt;/span&gt;\r\n&lt;/p&gt;\r\n&lt;p&gt;\r\n	&lt;span style=&quot;font-size:14px;&quot;&gt;主席声明有关表述与南海地区现状相符。当前，南海地区形势已明显降温趋稳，并呈现积极发展态势，有关各方回归通过谈判磋商解决争议的正轨，国家间关系持续改善，特别是李克强总理和东盟国家领导人共同宣布启动“南海行为准则”下一步案文磋商。&lt;/span&gt;\r\n&lt;/p&gt;\r\n&lt;p&gt;\r\n	&lt;span style=&quot;font-size:14px;&quot;&gt;&amp;nbsp;&amp;nbsp;&amp;nbsp;&amp;nbsp;这一形势令人振奋，充分展现了地区国家通过对话协商处理分歧、维护南海和平稳定的共同意愿，也充分展现了地区国家有信心、有智慧、有能力妥善处理好南海问题，使南海成为和平之海、友谊之海、合作之海。&lt;/span&gt;\r\n&lt;/p&gt;\r\n&lt;p&gt;\r\n	&lt;span style=&quot;font-size:14px;&quot;&gt;然而，这一切来之不易。2010年7月，时任美国国务卿希拉里·克林顿在河内发表讲话，鼓吹美国“战略重心东移”，挑拨离间中国与南海声索国关系。这让有些国家误以为可以借重美国等域外国家力量，将南海争端国际化，以迫使中国接受其声索立场。南海地区顿时风高浪急，紧张局势不断升温。而中国保持战略定力，展开有理有节有据的斗争。经过几个回合较量，南海问题解决逐步回归谈判协商的正确轨道。南海地区形势之所以出现降温趋稳，受以下多重因素驱动结果。&lt;/span&gt;\r\n&lt;/p&gt;\r\n&lt;p&gt;\r\n	&lt;span style=&quot;font-size:14px;&quot;&gt;&amp;nbsp;&amp;nbsp;&amp;nbsp;&amp;nbsp;首先，南海争端不应成为干扰各国集中精力发展经济的“拦路虎”。中国和东盟国家同为发展中国家，经济发展是最迫切的任务，唯有提升经济发展水平，改善民生，才有余力解决其他挑战。杜特尔特上任伊始便果断处理前任留下的南海仲裁案，将国家战略发展方向从南海问题上与中国对峙，调整为优先发展本国经济以及推进中菲友好合作。就此而言，杜特尔特可谓是东盟南海声索国第一明白人，也为地区形势改善作出重要贡献。&lt;/span&gt;\r\n&lt;/p&gt;\r\n&lt;p&gt;\r\n	&lt;span style=&quot;font-size:14px;&quot;&gt;其次，由当事双方通过谈判协商是解决南海争端唯一有效途径。几年来事态的发展证明，引入美国等外部势力是行不通的，不但于事无补，反而导致争端的解决遥遥无期。美国奥巴马政府推行亚太再平衡，以南海争端为抓手，挑动“群众斗群众”，地区紧张局势高烧不退，危害南海沿岸国家的利益，而美国坐收渔翁之利，大肆兜售美制军火，发“动荡”财。然而，特朗普政府上台之后，又奉行“美国优先”原则，退出“跨太平洋伙伴关系协定”、“巴黎气候协定”和联合国教科文组织等多边合作机制和组织，削弱了美国的信誉和领导力，增加了外界对美国地区承诺的疑虑。两届美国政府所做所为，让东盟声索国认清美国是靠不住的。解决南海争端，还得靠自己，舍此别无它途。&lt;/span&gt;\r\n&lt;/p&gt;\r\n&lt;p&gt;\r\n	&lt;span style=&quot;font-size:14px;&quot;&gt;&amp;nbsp;&amp;nbsp;&amp;nbsp;&amp;nbsp;再次，解决南海争端需要水到渠成。领土争端涉及有关国家的核心利益，急不得。务实的做法是，建立危机管控机制，共同维护南海地区的和平与稳定；增进各方互信，避免发生冲突；打造共同认可的地区规则和秩序，为最终和平解决争端奠定基础。这是中国和东盟启动制定“南海行为准则”的根本要义。&lt;/span&gt;\r\n&lt;/p&gt;\r\n&lt;p&gt;\r\n	&lt;span style=&quot;font-size:14px;&quot;&gt;&amp;nbsp;&amp;nbsp;&amp;nbsp;&amp;nbsp;最后，中国坚持亲诚惠容的周边外交理念，广结善缘，在东南亚“朋友圈”越来越广、越交越深，为南海争端回归谈判协商解决的轨道发挥了主导作用。中国积极与东盟国家开展高层交往和战略沟通；紧紧抓住“一带一路”建设的主线，同东盟国家对接发展战略、推进互联互通，为东南亚发展注入强劲动力；主动做东盟国家工作，以双轨思路引导各方聚焦对话合作，实现南海仲裁案“软着陆”，给南海重新带来和平、稳定、合作的愿景。&lt;/span&gt;\r\n&lt;/p&gt;\r\n&lt;span style=&quot;font-size:14px;&quot;&gt;&amp;nbsp;&amp;nbsp;&amp;nbsp;&amp;nbsp;可以说，不打不相识。南海波澜进一步夯实了南海和平、稳定、合作的基础。特朗普日前访问越南时毛遂自荐，提出要为南海争端提供“斡旋”，但是此言一出便石沉大海，并没有引发越方任何回应。相反，习近平主席访问越南时，双方就维护南海和平稳定达成重要共识。此外，杜特尔特上月中向中方承诺，菲律宾将按照双方达成的共识，通过双边渠道，妥善处理好海上问题。正反两方面例子都说明，当前中国与东盟国家特别是声索国关系更成熟和务实，中国掌握了南海事态发展的主动权。&lt;/span&gt;',1512909244,1512909244),(22,44,'&lt;p&gt;\r\n	&lt;span style=&quot;font-size:16px;&quot;&gt;活在这个看脸的社会，没点颜值都不敢出来混，看看今天这道菜的颜值~~&lt;/span&gt;\r\n&lt;/p&gt;\r\n&lt;p&gt;\r\n	&lt;span style=&quot;font-size:16px;&quot;&gt;你猜得出这些“&lt;span&gt;小花花&lt;/span&gt;”的本体是什么吗&lt;/span&gt;\r\n&lt;/p&gt;\r\n&lt;p&gt;\r\n	&lt;img src=&quot;http://5b0988e595225.cdn.sohucs.com/images/20171210/7b1c27e226db4cddb16b10ed45a0256b.png&quot; width=&quot;20px&quot; /&gt;\r\n&lt;/p&gt;\r\n&lt;p style=&quot;text-align:center;&quot;&gt;\r\n	&lt;img src=&quot;http://5b0988e595225.cdn.sohucs.com/images/20171210/5822f6611ad6417181d755714c538579.gif&quot; /&gt;\r\n&lt;/p&gt;\r\n&lt;p&gt;\r\n	&lt;span style=&quot;font-size:16px;&quot;&gt;不卖关子了，像咔吃君这种既看颜值又注重味道的人，隆重向大家推荐这道&lt;span&gt;糖衣小香肠&lt;/span&gt;，正确诠释什么叫色香味俱全，&lt;span&gt;颜控吃货的福利来了~~&lt;/span&gt;&lt;/span&gt;\r\n&lt;/p&gt;\r\n&lt;p style=&quot;text-align:center;&quot;&gt;\r\n	&lt;span&gt;食材&lt;/span&gt;\r\n&lt;/p&gt;\r\n&lt;p style=&quot;text-align:center;&quot;&gt;\r\n	&lt;span style=&quot;font-size:16px;&quot;&gt;小香肠、花生、糖、酱油、糖稀、芝麻油&lt;/span&gt;\r\n&lt;/p&gt;\r\n&lt;p style=&quot;text-align:center;&quot;&gt;\r\n	&lt;img src=&quot;http://5b0988e595225.cdn.sohucs.com/images/20171210/94f2179c84904d59b3c7d4e10ac714fa.jpeg&quot; width=&quot;497&quot; height=&quot;279&quot; /&gt;\r\n&lt;/p&gt;\r\n&lt;p style=&quot;text-align:center;&quot;&gt;\r\n	&lt;span&gt;做法&lt;/span&gt;\r\n&lt;/p&gt;\r\n&lt;p&gt;\r\n	&lt;span style=&quot;font-size:16px;&quot;&gt;1.把小香肠两端分别切十字&lt;/span&gt;\r\n&lt;/p&gt;\r\n&lt;p&gt;\r\n	&lt;span style=&quot;font-size:16px;&quot;&gt;（可以切的稍微深一些，“花”才会开的更大哦）&lt;/span&gt;\r\n&lt;/p&gt;\r\n&lt;p style=&quot;text-align:center;&quot;&gt;\r\n	&lt;img src=&quot;http://5b0988e595225.cdn.sohucs.com/images/20171210/0eb5f04a61b340a4a8e0bb5a680dc5df.gif&quot; /&gt;\r\n&lt;/p&gt;\r\n&lt;p&gt;\r\n	&lt;span style=&quot;font-size:16px;&quot;&gt;2.把花生弄碎&lt;/span&gt;\r\n&lt;/p&gt;\r\n&lt;p style=&quot;text-align:center;&quot;&gt;\r\n	&lt;img src=&quot;http://5b0988e595225.cdn.sohucs.com/images/20171210/900050a622514045998b53ca0ffa36ac.gif&quot; /&gt;\r\n&lt;/p&gt;\r\n&lt;p&gt;\r\n	&lt;span style=&quot;font-size:16px;&quot;&gt;3.一勺糖、两勺水、一勺酱油、一勺糖稀，半勺芝麻油，搅拌成酱汁&lt;/span&gt;\r\n&lt;/p&gt;\r\n&lt;p style=&quot;text-align:center;&quot;&gt;\r\n	&lt;img src=&quot;http://5b0988e595225.cdn.sohucs.com/images/20171210/070716a4a1a4482ea1b14724b56c6225.gif&quot; /&gt;\r\n&lt;/p&gt;\r\n&lt;p&gt;\r\n	&lt;span style=&quot;font-size:16px;&quot;&gt;4.锅里热油后，倒入小香肠&lt;/span&gt;\r\n&lt;/p&gt;\r\n&lt;p style=&quot;text-align:center;&quot;&gt;\r\n	&lt;img src=&quot;http://5b0988e595225.cdn.sohucs.com/images/20171210/9b6dfed074a64c78b75dcede0faf425d.gif&quot; /&gt;\r\n&lt;/p&gt;\r\n&lt;p&gt;\r\n	&lt;span style=&quot;font-size:16px;&quot;&gt;5.翻炒至小香肠“开花”，盛出控油&lt;/span&gt;\r\n&lt;/p&gt;\r\n&lt;p style=&quot;text-align:center;&quot;&gt;\r\n	&lt;img src=&quot;http://5b0988e595225.cdn.sohucs.com/images/20171210/0840098dff3942939a9ae56ad1b19caa.gif&quot; /&gt;\r\n&lt;/p&gt;\r\n&lt;p&gt;\r\n	&lt;span style=&quot;font-size:16px;&quot;&gt;6.锅里的油擦干后，倒入酱汁&lt;/span&gt;\r\n&lt;/p&gt;\r\n&lt;p style=&quot;text-align:center;&quot;&gt;\r\n	&lt;img src=&quot;http://5b0988e595225.cdn.sohucs.com/images/20171210/f13a7dc814854375aafb1aab568dd73d.gif&quot; /&gt;\r\n&lt;/p&gt;\r\n&lt;p&gt;\r\n	&lt;span style=&quot;font-size:16px;&quot;&gt;7.倒入炒好的香肠和花生碎&lt;/span&gt;\r\n&lt;/p&gt;\r\n&lt;p style=&quot;text-align:center;&quot;&gt;\r\n	&lt;img src=&quot;http://5b0988e595225.cdn.sohucs.com/images/20171210/9ef5feaa65ec48a1ad5a7785e14141cc.gif&quot; /&gt;\r\n&lt;/p&gt;\r\n&lt;p&gt;\r\n	&lt;span style=&quot;font-size:16px;&quot;&gt;8.出锅啦&lt;/span&gt;\r\n&lt;/p&gt;\r\n&lt;p style=&quot;text-align:center;&quot;&gt;\r\n	&lt;img src=&quot;http://5b0988e595225.cdn.sohucs.com/images/20171210/3d3b3e0172c64a0596afcc64c300e26d.gif&quot; /&gt;\r\n&lt;/p&gt;\r\n&lt;p&gt;\r\n	&lt;span style=&quot;font-size:16px;&quot;&gt;卤味一般的色泽，有没有很诱人~&lt;/span&gt;\r\n&lt;/p&gt;\r\n&lt;p&gt;\r\n	&lt;span style=&quot;font-size:16px;&quot;&gt;倒上一杯啤酒，咻咻咻，一盘很快就吃完啦~~&lt;/span&gt;\r\n&lt;/p&gt;\r\n&lt;p style=&quot;text-align:center;&quot;&gt;\r\n	&lt;img src=&quot;http://5b0988e595225.cdn.sohucs.com/images/20171210/4d59ffdf4098429aa6487cd56ad47739.gif&quot; /&gt;\r\n&lt;/p&gt;\r\n&lt;p&gt;\r\n	&lt;span style=&quot;font-size:16px;&quot;&gt;其实，所谓颜值高低，都是相对而言，外形只是给人的第一印象，对于菜，更重要的是味道，而对于人，要相处下来才知道。&lt;/span&gt;\r\n&lt;/p&gt;',1512909470,1512909470),(23,45,'&lt;p&gt;\r\n	&lt;span style=&quot;font-size:14px;&quot;&gt;&amp;nbsp;&amp;nbsp;&amp;nbsp;&amp;nbsp;IT之家12月10日消息 刚刚，小米MIUI官方发布文章，整理了近期收到的一些问题，为各位米粉朋友解答，下面一起来看一下。&lt;/span&gt; \r\n&lt;/p&gt;\r\n&lt;p&gt;\r\n	&lt;span style=&quot;font-size:14px;&quot;&gt;&amp;nbsp;&amp;nbsp;&amp;nbsp; 关于用户最关心的小米6何时更新安卓8.0的消息，小米官方表示，目前小米6的MIUI9体验版已适配Android O，待稳定后会迭代进MIUI9开发版及稳定版。&lt;/span&gt; \r\n&lt;/p&gt;\r\n&lt;p&gt;\r\n	&lt;span style=&quot;font-size:14px;&quot;&gt;&amp;nbsp;&amp;nbsp;&amp;nbsp;&amp;nbsp;在小米MIX2最新的MIUI9体验版系统上，已经上线了全面屏手势功能，对这个功能呼声已久的小伙伴可以第一时间安装体验了。其他方面，包括MIUI的相册可以直接进行视频剪辑等等。&lt;/span&gt; \r\n&lt;/p&gt;\r\n&lt;p&gt;\r\n	&lt;span style=&quot;font-size:14px;&quot;&gt;具体如下▼&lt;/span&gt; \r\n&lt;/p&gt;\r\n&lt;p&gt;\r\n	&lt;span style=&quot;font-size:14px;&quot;&gt;小柚整理了近期收到的一些问题，为大家解答一下。&lt;/span&gt; \r\n&lt;/p&gt;\r\n&lt;p&gt;\r\n	&lt;span style=&quot;font-size:14px;&quot;&gt;-&lt;/span&gt; \r\n&lt;/p&gt;\r\n&lt;p&gt;\r\n	&lt;span style=&quot;font-size:14px;&quot;&gt;@拼命三郎Ajay&lt;/span&gt; \r\n&lt;/p&gt;\r\n&lt;p&gt;\r\n	&lt;strong&gt;&lt;span style=&quot;font-size:14px;&quot;&gt;问：小米6什么时候发布安卓8的包？&lt;/span&gt;&lt;/strong&gt; \r\n&lt;/p&gt;\r\n&lt;p&gt;\r\n	&lt;span style=&quot;font-size:14px;&quot;&gt;答：目前小米6的MIUI9体验版已适配Android O，待稳定后会迭代进MIUI9开发版及稳定版。&lt;/span&gt; \r\n&lt;/p&gt;\r\n&lt;p&gt;\r\n	&lt;span style=&quot;font-size:14px;&quot;&gt;@奋斗吧小伙z&lt;/span&gt; \r\n&lt;/p&gt;\r\n&lt;p&gt;\r\n	&lt;strong&gt;&lt;span style=&quot;font-size:14px;&quot;&gt;问：把黄页取消太可惜了。&lt;/span&gt;&lt;/strong&gt; \r\n&lt;/p&gt;\r\n&lt;p&gt;\r\n	&lt;span style=&quot;font-size:14px;&quot;&gt;答：黄页并未取消哦，目前的入口在电话&amp;gt;联系人页面。&lt;/span&gt; \r\n&lt;/p&gt;\r\n&lt;p align=&quot;center&quot;&gt;\r\n	&lt;img src=&quot;http://5b0988e595225.cdn.sohucs.com/images/20171210/8f72bfb41ea74b23b9170f5f847ecebd.jpeg&quot; width=&quot;445&quot; height=&quot;392&quot; /&gt; \r\n&lt;/p&gt;\r\n&lt;p&gt;\r\n	&lt;span style=&quot;font-size:14px;&quot;&gt;@五个木五个木&lt;/span&gt; \r\n&lt;/p&gt;\r\n&lt;p&gt;\r\n	&lt;strong&gt;&lt;span style=&quot;font-size:14px;&quot;&gt;问：怎么升级到开发版？&lt;/span&gt;&lt;/strong&gt; \r\n&lt;/p&gt;\r\n&lt;p&gt;\r\n	&lt;span style=&quot;font-size:14px;&quot;&gt;答：在MIUI论坛下载相应机型的MIUI开发版，卡刷或线刷即可。具体步骤可在微信搜索MIUIROM，关注MIUI官方微信，发送“刷机教程”查看。&lt;/span&gt; \r\n&lt;/p&gt;\r\n&lt;p&gt;\r\n	&lt;span style=&quot;font-size:14px;&quot;&gt;@哥就是来看评论点赞的&lt;/span&gt; \r\n&lt;/p&gt;\r\n&lt;p&gt;\r\n	&lt;strong&gt;&lt;span style=&quot;font-size:14px;&quot;&gt;问：需要视频剪辑功能！&lt;/span&gt;&lt;/strong&gt; \r\n&lt;/p&gt;\r\n&lt;p&gt;\r\n	&lt;span style=&quot;font-size:14px;&quot;&gt;答：MIUI的相册可以直接进行视频剪辑哦。&lt;/span&gt; \r\n&lt;/p&gt;\r\n&lt;p align=&quot;center&quot;&gt;\r\n	&lt;img src=&quot;http://5b0988e595225.cdn.sohucs.com/images/20171210/5a974cdcd6da497384b18663b70918d8.jpeg&quot; width=&quot;435&quot; height=&quot;384&quot; /&gt; \r\n&lt;/p&gt;',1512909585,1512909585),(24,46,'&lt;div class=&quot;img_wrapper&quot; align=&quot;center&quot;&gt;\r\n	&lt;img src=&quot;http://n.sinaimg.cn/sd/crawl/w530h350/20171210/ZDFU-fypnsip3813624.jpg&quot; alt=&quot;&quot; /&gt;&lt;span class=&quot;img_descr&quot;&gt;&lt;/span&gt;\r\n&lt;/div&gt;\r\n&lt;div class=&quot;article-video&quot;&gt;\r\n&lt;/div&gt;\r\n&lt;p&gt;\r\n	　　滨州市沾化区人民检察院派驻检察室为群众查询低保补贴。（□张依盟　李明　报道）\r\n&lt;/p&gt;\r\n&lt;div class=&quot;img_wrapper&quot; align=&quot;center&quot;&gt;\r\n	&lt;img src=&quot;http://n.sinaimg.cn/sd/crawl/w530h443/20171210/7YGg-fypnsip3813646.jpg&quot; alt=&quot;&quot; /&gt;&lt;span class=&quot;img_descr&quot;&gt;&lt;/span&gt;\r\n&lt;/div&gt;\r\n&lt;p&gt;\r\n	　　沂源县南鲁山司法所工作人员向企业工人宣传法律知识。（□陈作进　孙渤海　报道）\r\n&lt;/p&gt;\r\n&lt;p&gt;\r\n	　　“我宣誓：忠于中华人民共和国宪法，维护宪法权威，履行法定职责……”12月1日，省十二届人大常委会第三十三次会议上，新任命的山东省财政厅厅长刘兴云、山东省交通运输厅厅长江成向宪法宣誓。根据《中华人民共和国国歌法》，宣誓前全体人员起立奏唱国歌。\r\n&lt;/p&gt;\r\n&lt;p&gt;\r\n	　　法者，治之端也。全面依法治国是中国特色社会主义的本质要求和重要保障。\r\n&lt;/p&gt;\r\n&lt;p&gt;\r\n	　　山东省第十一次党代会从立法、执法、司法、守法等方面，对全面落实依法治国基本方略、深入推进法治山东建设作出新的部署、提出更高的要求。\r\n&lt;/p&gt;\r\n&lt;p&gt;\r\n	　　“我们一定要遵纪守法、清正廉洁。时刻绷紧法纪这根弦，心存敬畏、手握戒尺，牢记法纪红线不可逾越、法纪底线不可触碰，坚决维护党纪国法的权威，认真落实领导干部廉洁从政各项规定，提高法治思维和依法办事能力，做到一切出于公心、一切为了事业、一切按规矩办事。”6月17日，在省第十一次党代会闭幕式上，刘家义同志代表新当选的省委委员、候补委员和省纪委委员明确表态，吹响了推进法治山东建设的集结号。\r\n&lt;/p&gt;\r\n&lt;p&gt;\r\n	　　当前，全省上下在广度深度上持续推进法治山东建设，让人民群众的获得感、幸福感、安全感越来越厚实。\r\n&lt;/p&gt;\r\n&lt;p&gt;\r\n	　　&lt;strong&gt;良法善法&lt;/strong&gt;\r\n&lt;/p&gt;\r\n&lt;p&gt;\r\n	　　&lt;strong&gt;构筑依法治省坚固基石&lt;/strong&gt;\r\n&lt;/p&gt;\r\n&lt;p&gt;\r\n	　　“大中型客货车和出租车驾驶人因吸毒被注销驾驶证的，取消其从业资格。”12月1日，省十二届人大常委会第三十三次会议表决通过的《山东省禁毒条例》，受到社会广泛关注。条例的出台，是对我省禁毒形势的主动应对，也是全面依法禁毒工作的有力保障。\r\n&lt;/p&gt;\r\n&lt;p&gt;\r\n	　　良法善治，立法质量是立法工作的永恒主题。如何提高立法能力、立法质量？\r\n&lt;/p&gt;\r\n&lt;p&gt;\r\n	　　我省有地方立法权的人大及其常委会，瞄准人民群众关注的“难点”“痛点”、经济社会发展的“堵点”“盲点”谋划立法工作，紧紧围绕推进供给侧结构性改革、加快新旧动能转换等重大决策部署，加强重点领域立法，努力将党委重大决策、政府着力推进、社会普遍关注的事项纳入法治轨道。\r\n&lt;/p&gt;\r\n&lt;p&gt;\r\n	　　《山东省安全生产条例》《山东省促进科技成果转化条例》《山东省食品小作坊小餐饮和食品摊点管理条例》……今年以来，省人大常委会审议通过的22件地方性法规和法规性决定，回应人民群众关切，破解影响经济社会发展的症结，确保了立法与改革决策相衔接。《济南市名泉保护条例》《淄博市煤炭清洁利用监督管理条例》《山东黄河三角洲国家级自然保护区管理办法》……地方立法权“扩容”两年，14个新获立法权的设区的市制定了60件地方性法规和决定，立得精细，立出特色，有力推动了地方改革发展。\r\n&lt;/p&gt;\r\n&lt;p&gt;\r\n	　　我省不断完善科学立法、民主立法工作机制，创新方式方法，从“现实是不是急需、条件是不是具备、针对性是不是强”等方面进行把握，立良法善法。\r\n&lt;/p&gt;\r\n&lt;p&gt;\r\n	　　——人大主导、第三方参与，向部门利益说“不”。省人大及其常委会充分发挥在立法工作中的主导作用，省人大有关专门委员会、常委会法工委密切与省政府法制办、法规草案起草单位的沟通联系，坚持提前介入、督促指导，并加大自行起草、联合起草和牵头起草力度；政府部门探索委托第三方承担法规起草工作，摆脱集“运动员”与“裁判员”于一身的境况，从源头上防止部门利益法制化倾向。\r\n&lt;/p&gt;\r\n&lt;p&gt;\r\n	　　——开门立法、问法于民，集万民之智，纳百家之言。在报纸和网站全文公布法规草案征求意见，设立基层立法联系点，聘请省内知名专家学者担任立法咨询员，实行网上立法听证……如今，这些颇具探索性的立法尝试在山东已成为常态。\r\n&lt;/p&gt;\r\n&lt;p&gt;\r\n	　　——强培训、提素质，立法能力“匹配”立法实践。立良法，关键在于建立一支高素质立法队伍。今年以来，省人大常委会法工委培训立法人员170余人次，并组织90余人参加全国人大立法培训，有效提高了立法人员业务能力。\r\n&lt;/p&gt;\r\n&lt;p&gt;\r\n	　　凡事预则立，不预则废。计划性和前瞻性对立法工作尤为重要。今年7月起，省人大常委会就2018-2022年地方立法规划和2018年度立法计划广泛征求意见，目前已形成初稿，将继续开展研究论证。据介绍，我省将紧紧围绕中央部署和省委要求，不断突出地方特色，加强重点领域立法，涉及加快新旧动能转换，促进绿色发展的水污染防治、土壤污染防治、地质环境保护等方面，为实现创新发展、持续发展、领先发展提供有力法制保障。\r\n&lt;/p&gt;\r\n&lt;p&gt;\r\n	　　法的生命在于实施。“要以对党和人民事业高度负责的精神，敢于亮剑，加大执法检查力度，切实解决有法不依、执法不严、违法不究的问题，解决不作为、慢作为、假作为、乱作为的问题。”按照省委书记、省人大常委会主任刘家义的要求，今年以来，省人大常委会围绕安全生产、生态环保、脱贫攻坚、金融风险防控、社会稳定“五场攻坚战”，加大执法检查力度。针对安全生产法律法规实施情况，组成5个执法检查组对全省17市进行了全覆盖检查；针对《环保法》贯彻实施情况，根据问题清单随机抽查了问题现场，并在省人大常委会会议期间分别开展了两场专题询问，推动问题解决。\r\n&lt;/p&gt;\r\n&lt;p&gt;\r\n	　　&lt;strong&gt;履责用权“法”字当头&lt;/strong&gt;\r\n&lt;/p&gt;\r\n&lt;p&gt;\r\n	　　“办事依法，遇事找法，解决问题用法，化解矛盾靠法。”全面推进依法治国，要求各级各部门和广大领导干部牢固树立法治思维，在法治轨道上推动各项工作。\r\n&lt;/p&gt;\r\n&lt;p&gt;\r\n	　　今年5月11日，在全省卫生与健康大会上，刘家义在讲话中就建立和谐医患关系明确指出，各级党委政府、司法机关要态度鲜明，严厉依法打击医闹和暴力伤医行为，运用法治方式解决医患纠纷。\r\n&lt;/p&gt;\r\n&lt;p&gt;\r\n	　　为深入贯彻全省卫生与健康大会精神，省卫计委等14部门联合印发《关于做好新形势下医疗纠纷综合处置工作的意见》，明确依法处置医疗纠纷，推动完善院内调解、人民调解、司法调解相结合的医疗纠纷调解体系，建立医疗纠纷多元化解制度。意见专门强调：对“医闹”、暴力伤医或严重扰乱正常医疗秩序等事件要严格按法定程序进行处置，不得“花钱买平安”，不得“妥协换和谐”，不得“赔钱求解决”。\r\n&lt;/p&gt;\r\n&lt;p&gt;\r\n	　　政府法律顾问工作，是全面推进依法行政、加快建设法治政府的重要一环。目前，我省省、市、县三级政府普遍建立法律顾问制度，三级政府法律顾问共参与政府法律事务3万余件，覆盖政府行为全过程。\r\n&lt;/p&gt;\r\n&lt;p&gt;\r\n	　　“省科技厅邀请我参加讨论稿的座谈会，不仅是对我们政府法律顾问的重视和信任，也是政府部门履责用权先想‘法’的突出表现。”山东省政府法律顾问、康桥律师事务所首席合伙人张巧良说，去年4月自己对《深化科技体制改革加快实施创新驱动发展战略的若干措施》（讨论稿）提出一些意见和建议，“讨论稿部分内容不符合现行《公司法》规定，经我们提出后，修改稿最终删除了这一内容”。\r\n&lt;/p&gt;\r\n&lt;p&gt;\r\n	　　省第十一次党代会指出，要发挥好党委、政府法律顾问作用，促进法治政府建设。“截至2017年9月，省、市、县三级政府聘请政府法律顾问达到1669名，其中学者189人、律师1437人、公职人员36人、特邀法律顾问7人。”省政府法制办主任孟富强介绍，50个省政府部门、单位也建立起法律顾问制度，124个县（市、区）延伸到乡镇（街道），覆盖率分别达到78%和92%。“目前，省政府法律顾问49人次参与省‘十三五’规划、省属重点企业改革重组方案和省政府工作报告的起草把关，78人次参与政府立法论证、规范性文件审查、重大战略合作框架协议审查，41人次参与重大复杂疑难行政案件的审理。”孟富强说。\r\n&lt;/p&gt;\r\n&lt;p&gt;\r\n	　　执法全程留痕，为执法行为安上了“电子眼”。作为行政执法公示、执法全过程记录和重大执法决定法制审核“三项制度”试点单位，胶州市正在所有行政执法单位中推进“三项制度”。“执法全过程记录不仅增加了行政执法透明度，敦促执法人员依法行政、规范文明执法，而且也为客观还原执法现场，预防和减少行政争议提供了详实证据。”胶州市政府法制办主任柴守峰介绍，今年以来，胶州已累计录入案件1400余件，实现了从案源登记到执行完毕的全程网办、全程监控、全程留痕。\r\n&lt;/p&gt;\r\n&lt;p&gt;\r\n	　　行政执法作为法治政府建设的中心环节，其活动范围和效果与人民群众的生活紧密相关。而在现实执法过程中，执法犯法、执法不公和粗暴执法等现象时有发生，全面规范行政执法行为、严格执行行政执法“三项制度”具有重要意义。省政府法制办执法监督处副处长孙丽表示，今年年底前，我省各级、各部门要普遍完成“三项制度”的推行工作，实现行政处罚、行政强制、行政征收等行政执法行为公开透明运行。\r\n&lt;/p&gt;\r\n&lt;p&gt;\r\n	　　&lt;strong&gt;让公平正义看得见摸得着&lt;/strong&gt;\r\n&lt;/p&gt;\r\n&lt;p&gt;\r\n	　　今年5月，全省各地首批员额法官、检察官面向国旗庄严宣誓。截至目前，全省司法机关共遴选出员额法官7569名，员额检察官5371名，为我省全面深入推进司法责任制改革奠定了基础。\r\n&lt;/p&gt;\r\n&lt;p&gt;\r\n	　　公正是法治的生命线。作为全国第二批司法体制改革试点省份，我省稳步推进司法体制改革，在多个领域坚持先行先试。\r\n&lt;/p&gt;\r\n&lt;p&gt;\r\n	　　“以前发生交通事故，结案总得三个月到半年的时间，还得在交警队和法院之间跑几趟，现在交警队院里就有‘法院’，可早拿到赔偿款，方便又高效。”律师张传海和当事人刚办完保全手续便立了案，这得益于设在临沂市公安局交警支队直属二大队的“王丽法官工作室”。\r\n&lt;/p&gt;\r\n&lt;p&gt;\r\n	　　让审判者裁判，由裁判者负责。目前，我省普遍建立新型审判团队，设立法官工作室，司法责任制改革促使办案质效提升，法官人均结案数量较大增加。今年1-10月，全省法院收案129.3万件，结案112.5万件，同比分别上升6.7%和5.4%。\r\n&lt;/p&gt;\r\n&lt;p&gt;\r\n	　　“深入推进司法体制改革，确保依法独立公正行使审判权检察权，努力让人民群众在每一个司法案件中感受到公平正义。”省第十一次党代会报告对司法公平正义作出部署。\r\n&lt;/p&gt;\r\n&lt;p&gt;\r\n	　　司法是否具有公信力，看公正、看廉洁。案件庭审直播、裁判文书上网、“老赖”信息曝光、举办公众开放日……深化司法公开，全省积极构建开放、动态、透明、便民的阳光执法司法新机制，增强有效监督，促进司法公正，让公平正义看得见、摸得着。\r\n&lt;/p&gt;\r\n&lt;p&gt;\r\n	　　“今年5月1日起，省法院所有公开开庭审理的民商事、行政案件，均实现了互联网直播。”省法院相关部门负责人说，全省各级法院全部建成审判流程、裁判文书、执行信息、庭审公开四大公开平台，立案登记更透明，庭审直播变常态，裁判文书公开实现制度化，群众满意度逐步提高。截至目前，全省法院已公布裁判文书308万余份，居全国第二位。\r\n&lt;/p&gt;\r\n&lt;p&gt;\r\n	　　以前，起诉书较为常见，而不逮捕、不起诉等法律文书则往往“深藏闺中”。检察机关创新建立检察宣告制度，对不立案、不批捕、不起诉等13类检察决定，邀请人大代表、政协委员和有关人员参加，在统一、规范的场所进行公开宣告；严格落实人民监督员制度，对职务犯罪侦查中应当立案而不立案、拟撤销案件、犯罪嫌疑人不服逮捕决定、违法查封扣押冻结涉案财物等11种情形进行监督。\r\n&lt;/p&gt;\r\n&lt;p&gt;\r\n	　　如今，在司法体制改革背景下，我省完成人民陪审员“倍增计划”，大力推进基本解决执行难，公益诉讼制度落地生根……一项项重点工作有序推进，切实维护了社会公共利益和公平正义。\r\n&lt;/p&gt;\r\n&lt;p&gt;\r\n	　　&lt;strong&gt;公共法律服务&lt;/strong&gt;\r\n&lt;/p&gt;\r\n&lt;p&gt;\r\n	　　&lt;strong&gt;发力均等化便利性&lt;/strong&gt;\r\n&lt;/p&gt;\r\n&lt;p&gt;\r\n	　　公共法律服务，是实现社会公平正义、保障人民安居乐业所必需的法律服务。我省全力推进公共法律服务体系建设，努力打通服务群众“最后一公里”，越来越多的人不再为“找法”所困扰。\r\n&lt;/p&gt;\r\n&lt;p&gt;\r\n	　　我省公共法律服务体系建设取得的成效，数据可以印证：全省建成市级公共法律服务大厅15个，91%的县（市、区）、90%的乡镇（街道）、67%的村（社区）建成实体平台，市级“12348”热线全部建成并逐步向省级平台割接，“山东法网”上线运行并与“中国法网”实现数据对接，月均办理公共法律服务事项48万件。\r\n&lt;/p&gt;\r\n&lt;p&gt;\r\n	　　为推进公共法律服务体系建设工作，今年8月，省委全面深化改革领导小组将其纳入改革落实情况暗访检查重点内容，年底前，省政府也将进行专项督查。\r\n&lt;/p&gt;\r\n&lt;p&gt;\r\n	　　“人民美好生活需要日益广泛，在民主、法治、公平、正义、安全、环境等方面的要求日益增长。十九大报告要求完善公共服务体系、加快推进基本公共服务均等化，这正是我们努力的方向。”省司法厅厅长王本群说，全省司法行政部门正按照“走在前列”的目标定位，坚持以推进社会公平正义为价值取向，以不断满足人民日益增长的美好生活需要、法律服务需要为目标，加快构建保障有力、管理规范、运行高效、覆盖城乡、惠及全民的全方位公共法律服务体系，努力建成实体、热线、网络“三大平台”，为广大人民群众提供公益性、均等性、便利性的公共法律服务。\r\n&lt;/p&gt;\r\n&lt;p&gt;\r\n	　　村（社区）治理在社会治理中起基础性作用。为每个村（社区）配备一名法律顾问，引导广大干部群众运用法治思维和法治方式管理公共事务、化解矛盾纠纷、维护自身权益，对于提升村（社区）治理水平、促进基层社会和谐稳定具有重要意义。\r\n&lt;/p&gt;\r\n&lt;p&gt;\r\n	　　11月23日，全省“一村（社区）一法律顾问”工作推进会议在淄博召开。目前，全省51291个村（社区）配备了法律顾问，覆盖率达到86%，济南、青岛、淄博等9市实现全覆盖。一年来，村（社区）法律顾问协助起草、审订村规民约等3万余件次，对村居治理有关事项提出法律意见3.8万次，为群众提供法律咨询46.5万人次，调处化解矛盾纠纷6.8万件次，有力维护了社会和谐稳定。\r\n&lt;/p&gt;\r\n&lt;p&gt;\r\n	　　根据任务安排，今年年底前，我省将实现全省“一村（社区）一法律顾问”工作全覆盖。\r\n&lt;/p&gt;\r\n&lt;p&gt;\r\n	　　&lt;strong&gt;打造新时代全民普法&lt;/strong&gt;\r\n&lt;/p&gt;\r\n&lt;p&gt;\r\n	　　&lt;strong&gt;“山东样板”&lt;/strong&gt;\r\n&lt;/p&gt;\r\n&lt;p&gt;\r\n	　　12月4日，第四个国家宪法日。上午9点，聊城市司法局局长常书彦同5200多名市直部门单位工作人员一起走进考场，参加一场特殊的考试——国家工作人员法律知识考试。这是他第六次参加这一考试，与以往不同的是，此次考试由纸质试卷答题变为网络答题，考题题目根据工作岗位从题库中随机抽取生成。\r\n&lt;/p&gt;\r\n&lt;p&gt;\r\n	　　今年国家宪法日前后，全省七成以上市组织了领导干部法律知识考试。与此同时，全省17市、158个县（市、区）开展“以案释法”、送法下乡等活动6万多场次，在国家机关、中小学校开展宪法法律知识学习教育活动近万场次，累计发放普法宣传资料3800多万册，近千万民众以不同形式参加活动，接受宪法及法律知识教育。\r\n&lt;/p&gt;\r\n&lt;p&gt;\r\n	　　“深入实施‘七五’普法规划和2016-2020年依法治省规划，推动形成尊法学法守法用法的良好氛围。”这是省第十一次党代会提出的要求。\r\n&lt;/p&gt;\r\n&lt;p&gt;\r\n	　　深化法治宣传教育，制度体系是基础。12月1日，全省首部、全国第二部法治宣传教育地方性法规——《山东省法治宣传教育条例》正式施行。法治宣传教育的任务、原则、职责、监督、考核等，都通过制度设计全面明确起来，普法工作由“软任务”变成“硬指标”，步入法治化规范化轨道。\r\n&lt;/p&gt;\r\n&lt;p&gt;\r\n	　　此外，《关于加强普法讲师团建设的意见》《关于落实“谁执法谁普法”普法责任制的意见》《关于完善国家工作人员学法用法制度的实施意见》……我省紧锣密鼓出台的一系列规定，全面搭建起深化法治宣传教育改革制度体系，全社会大普法格局逐渐形成。\r\n&lt;/p&gt;\r\n&lt;p&gt;\r\n	　　推进全民守法，必须抓住领导干部这个“关键少数”。“长期以来，领导干部学法内容过于粗放、学法形式太重理论。”王本群说，我省因地制宜创新举措，完善学法考法平台，探索“上对下”讲法机制与“下对上”讲法模式，加大学法用法考核力度，从“大水漫灌”到“精准滴灌”，从知识普及到意识培树，从制度规范到考核推进，领导干部学法用法实现形式之变、内涵之变和手段之变。\r\n&lt;/p&gt;\r\n&lt;p&gt;\r\n	　　坚持普法“从娃娃抓起”，是山东普法的另一大特色。强化学校、家庭、社会“三位一体”青少年法治教育格局，完善中小学法治课教材体系，多措并举，我省青少年群体法律素质、法治意识显著提高。\r\n&lt;/p&gt;\r\n&lt;p&gt;\r\n	　　“我们将认真贯彻十九大精神和省第十一次党代会精神，在推动普法与执法有机融合、构建大普法格局、落实普法责任制等方面继续发力，打造新时代全民普法工作的‘山东样板’。”王本群说。（大众日报）\r\n&lt;/p&gt;',1512911464,1512911464);
/*!40000 ALTER TABLE `cms_news_content` ENABLE KEYS */;
UNLOCK TABLES;

--
-- Table structure for table `cms_position`
--

DROP TABLE IF EXISTS `cms_position`;
/*!40101 SET @saved_cs_client     = @@character_set_client */;
/*!40101 SET character_set_client = utf8 */;
CREATE TABLE `cms_position` (
  `id` smallint(5) unsigned NOT NULL AUTO_INCREMENT,
  `name` varchar(30) NOT NULL,
  `status` tinyint(4) NOT NULL DEFAULT '1',
  `description` varchar(100) DEFAULT NULL,
  `create_time` int(10) unsigned NOT NULL DEFAULT '0',
  `update_time` int(10) unsigned NOT NULL DEFAULT '0',
  PRIMARY KEY (`id`)
) ENGINE=MyISAM AUTO_INCREMENT=9 DEFAULT CHARSET=utf8;
/*!40101 SET character_set_client = @saved_cs_client */;

--
-- Dumping data for table `cms_position`
--

LOCK TABLES `cms_position` WRITE;
/*!40000 ALTER TABLE `cms_position` DISABLE KEYS */;
INSERT INTO `cms_position` VALUES (1,'haha',-1,'hahahahahaha',1,1512472643),(2,'xixi',-1,'xixixixixixi',2,1512472642),(3,'xiha',-1,'xixihahaxixihaha',3,1512472642),(4,'asdf',-1,'admin',1512139144,1512472641),(5,'我是一个推荐位11',-1,'22222',1512139214,1512472640),(6,'首页小图',1,'首页小图',1512465766,1512465779),(7,'广告位',1,'广告位',1512465787,1512465787),(8,'首页大图',1,'首页大图',1512465828,1512465828);
/*!40000 ALTER TABLE `cms_position` ENABLE KEYS */;
UNLOCK TABLES;

--
-- Table structure for table `cms_position_content`
--

DROP TABLE IF EXISTS `cms_position_content`;
/*!40101 SET @saved_cs_client     = @@character_set_client */;
/*!40101 SET character_set_client = utf8 */;
CREATE TABLE `cms_position_content` (
  `id` smallint(5) unsigned NOT NULL AUTO_INCREMENT,
  `position_id` int(10) unsigned NOT NULL,
  `title` varchar(30) NOT NULL,
  `thumb` varchar(100) NOT NULL,
  `url` varchar(100) DEFAULT NULL,
  `news_id` mediumint(8) unsigned NOT NULL,
  `listorder` tinyint(3) unsigned NOT NULL DEFAULT '0',
  `status` tinyint(4) NOT NULL DEFAULT '1',
  `create_time` int(10) unsigned NOT NULL DEFAULT '0',
  `update_time` int(10) unsigned NOT NULL DEFAULT '0',
  PRIMARY KEY (`id`),
  KEY `position_id` (`position_id`)
) ENGINE=MyISAM AUTO_INCREMENT=79 DEFAULT CHARSET=utf8;
/*!40101 SET character_set_client = @saved_cs_client */;

--
-- Dumping data for table `cms_position_content`
--

LOCK TABLES `cms_position_content` WRITE;
/*!40000 ALTER TABLE `cms_position_content` DISABLE KEYS */;
INSERT INTO `cms_position_content` VALUES (55,8,'特朗普承认耶路撒冷为以色列首都后引抗议','/images/newsThumb/577baa67c8e17fce8948e3a594112142_thumb.jpg',NULL,37,0,-1,1512788350,1512788587),(54,6,'特朗普承认耶路撒冷为以色列首都后引抗议','/images/newsThumb/577baa67c8e17fce8948e3a594112142_thumb.jpg',NULL,37,0,-1,1512787661,1512788587),(53,7,'特朗普承认耶路撒冷为以色列首都后引抗议','/upload/20171207/577baa67c8e17fce8948e3a594112142.jpg',NULL,37,0,-1,1512787658,1512788588),(52,8,'特朗普承认耶路撒冷为以色列首都后引抗议','/images/newsThumb/577baa67c8e17fce8948e3a594112142_thumb.jpg',NULL,37,0,-1,1512787655,1512788591),(51,8,'中国驻巴使馆发恐袭预警','/images/newsThumb/5bbd91a8a57fb960e7abc9b63ae1b71c_thumb.jpg',NULL,38,0,-1,1512787599,1512787634),(50,7,'中国驻巴使馆发恐袭预警','/upload/20171209/5bbd91a8a57fb960e7abc9b63ae1b71c.jpg',NULL,38,0,-1,1512787595,1512787634),(49,6,'中国驻巴使馆发恐袭预警','/images/newsThumb/5bbd91a8a57fb960e7abc9b63ae1b71c_thumb.jpg',NULL,38,0,-1,1512787580,1512787638),(48,8,'特朗普承认耶路撒冷为以色列首都后引抗议','/images/newsThumb/577baa67c8e17fce8948e3a594112142_thumb.jpg',NULL,37,0,-1,1512787391,1512788592),(47,8,'习近平会见加拿大总理特鲁多 ','/images/newsThumb/4780099564935a3a95c700a651432bae_thumb.jpg',NULL,34,0,-1,1512787310,1512788622),(46,8,'BAT掌门人现身互联网之光博览会 为自家品牌站台','/images/newsThumb/0d1d29e798cfca87cc449643032dfae5_thumb.jpeg',NULL,33,0,-1,1512787272,1512787302),(45,8,'BAT掌门人现身互联网之光博览会 为自家品牌站台','/images/newsThumb/0d1d29e798cfca87cc449643032dfae5_thumb.jpeg',NULL,33,0,-1,1512787189,1512787222),(31,8,'全球互联网治理体系变革进入关键时期 习近平贺信给出中国方案','/images/newsThumb/d61a59a7a9efb7b5ffd35570783790c4_thumb.jpg','',29,0,-1,1512472747,1512789003),(32,6,'第四届世界互联网大会圆满闭幕 硕果累累','/images/newsThumb/d85a9cb6a0c3ed4cfb7bd4552f7bd9db_thumb.jpg','',31,0,-1,1512472758,1512803380),(33,6,'教育部：高中纳入义务教育条件不具备 取消中考不实','/images/newsThumb/7c7c10169525f98e16a1d174a7bca767_thumb.jpg','',32,0,-1,1512472768,1512803379),(34,6,'BAT掌门人现身互联网之光博览会 为自家品牌站台','/images/newsThumb/0d1d29e798cfca87cc449643032dfae5_thumb.jpeg','',33,0,1,1512472798,1512908311),(44,6,'特朗普承认耶路撒冷为以色列首都后引抗议','/images/newsThumb/577baa67c8e17fce8948e3a594112142_thumb.jpg',NULL,37,0,1,1512779687,1512908633),(43,6,'习近平会见加拿大总理特鲁多 ','/images/newsThumb/4780099564935a3a95c700a651432bae_thumb.jpg','',34,0,1,1512779601,1512908634),(42,6,'特朗普承认耶路撒冷为以色列首都后引抗议','/images/newsThumb/577baa67c8e17fce8948e3a594112142_thumb.jpg',NULL,37,0,-1,1512779532,1512779693),(38,8,'特朗普承认耶路撒冷为以色列首都后引抗议','/images/newsThumb/577baa67c8e17fce8948e3a594112142_thumb.jpg',NULL,37,0,-1,1512652202,1512789003),(39,7,'范伟打天下','/upload/20171207/08d21dc2692e0b492a597a225100f9f2.jpg','http://user.game2.cn/regpage/bdgame0015_pt_r2.htm?usite=bd28173',0,0,0,1512654006,1512907361),(40,7,'万剑','/upload/20171207/36dc522218ee4419ddaf0bfec776e393.jpg','http://user.game2.cn/regpage/bdgame0015_pt_r4.htm?usite=bd28173',0,0,0,1512654069,1512907362),(41,8,'中国驻巴使馆发恐袭预警','/images/newsThumb/5bbd91a8a57fb960e7abc9b63ae1b71c_thumb.jpg',NULL,38,0,-1,1512778570,1512788661),(56,8,'特朗普承认耶路撒冷为以色列首都后引抗议','/images/newsThumb/577baa67c8e17fce8948e3a594112142_thumb.jpg',NULL,37,0,-1,1512788369,1512788586),(57,8,'特朗普承认耶路撒冷为以色列首都后引抗议','/images/newsThumb/577baa67c8e17fce8948e3a594112142_thumb.jpg',NULL,37,0,-1,1512788541,1512788584),(58,8,'中国驻巴使馆发恐袭预警','/images/newsThumb/5bbd91a8a57fb960e7abc9b63ae1b71c_thumb.jpg',NULL,38,0,-1,1512788666,1512789002),(59,8,'中国驻巴使馆发恐袭预警','/images/newsThumb/5bbd91a8a57fb960e7abc9b63ae1b71c_thumb.jpg',NULL,38,0,-1,1512788901,1512789002),(60,8,'中国驻巴使馆发恐袭预警','/images/newsThumb/5bbd91a8a57fb960e7abc9b63ae1b71c_thumb.jpg',NULL,38,0,-1,1512788905,1512789001),(61,8,'中国驻巴使馆发恐袭预警','/images/newsThumb/5bbd91a8a57fb960e7abc9b63ae1b71c_thumb.jpg',NULL,38,0,-1,1512788930,1512789001),(62,8,'特朗普承认耶路撒冷为以色列首都后引抗议','/images/newsThumb/577baa67c8e17fce8948e3a594112142_thumb.jpg',NULL,37,0,-1,1512788958,1512789000),(63,8,'习近平会见加拿大总理特鲁多 ','/images/newsThumb/4780099564935a3a95c700a651432bae_thumb.jpg',NULL,34,0,-1,1512788981,1512788999),(64,6,'中国驻巴使馆发恐袭预警','/images/newsThumb/5bbd91a8a57fb960e7abc9b63ae1b71c_thumb.jpg','',38,0,1,1512789014,1512908629),(65,8,'特朗普承认耶路撒冷为以色列首都后引抗议','/images/newsThumb/577baa67c8e17fce8948e3a594112142_thumb.jpg',NULL,37,0,-1,1512789029,1512789090),(66,8,'中国驻巴使馆发恐袭预警','/images/newsThumb/5bbd91a8a57fb960e7abc9b63ae1b71c_thumb.jpg','',38,0,-1,1512789052,1512789089),(67,8,'特朗普承认耶路撒冷为以色列首都后引抗议','/images/newsThumb/577baa67c8e17fce8948e3a594112142_thumb.jpg',NULL,37,0,-1,1512789077,1512789089),(68,8,'王毅：朝鲜半岛形势陷恶性循环','/images/newsThumb/e9e52030b15b22f2e98e38a97b9c5441_thumb.jpg','',39,0,0,1512804099,1512922063),(69,7,'中国共产党新闻网','/upload/20171210/79507d95d1ee85a9f3be75b4013e88d0.jpg','http://cpc.people.com.cn/index.html',0,0,1,1512907357,1512908452),(70,7,'中国新闻网','/upload/20171210/845faeb3a638e373c9a04e29c004ee27.jpg','http://www.chinanews.com/',0,0,1,1512907476,1512907476),(71,8,'中国空军多型战机成体系远洋训练','/images/newsThumb/e42ac9a08201635c87f144f852d3258d_thumb.jpg',NULL,41,0,-1,1512908271,1512922186),(72,6,'元旦火车票将开卖！','/images/newsThumb/484da30693fc813900c9f8d4c20163af_thumb.jpg',NULL,40,0,0,1512908296,1512908628),(73,6,'中国空军多型战机成体系远洋训练','/images/newsThumb/e42ac9a08201635c87f144f852d3258d_thumb.jpg',NULL,41,0,0,1512908296,1512908628),(74,6,'NBA常规赛：雄鹿胜活塞','/images/newsThumb/ce91df30effcf68f2f10cb182be464d5_thumb.jpg',NULL,42,0,0,1512908296,1512908627),(75,7,'2017中国企业领袖年会','/upload/20171210/d3a467b8113c96245a59f053212131e4.png','http://finance.sina.com.cn/zt_d/2017zgqylxnh/',0,0,1,1512911191,1512911191),(76,8,'中国空军多型战机成体系远洋训练','/images/newsThumb/e42ac9a08201635c87f144f852d3258d_thumb.jpg',NULL,41,0,-1,1512922160,1512922455),(77,8,'中国空军多型战机成体系远洋训练','/images/newsThumb/e42ac9a08201635c87f144f852d3258d_thumb.jpg','',41,0,1,1512922488,1512922488),(78,8,'第四届世界互联网大会圆满闭幕 硕果累累','/images/newsThumb/d85a9cb6a0c3ed4cfb7bd4552f7bd9db_thumb.jpg',NULL,31,0,1,1512922622,1512922622);
/*!40000 ALTER TABLE `cms_position_content` ENABLE KEYS */;
UNLOCK TABLES;
/*!40103 SET TIME_ZONE=@OLD_TIME_ZONE */;

/*!40101 SET SQL_MODE=@OLD_SQL_MODE */;
/*!40014 SET FOREIGN_KEY_CHECKS=@OLD_FOREIGN_KEY_CHECKS */;
/*!40014 SET UNIQUE_CHECKS=@OLD_UNIQUE_CHECKS */;
/*!40101 SET CHARACTER_SET_CLIENT=@OLD_CHARACTER_SET_CLIENT */;
/*!40101 SET CHARACTER_SET_RESULTS=@OLD_CHARACTER_SET_RESULTS */;
/*!40101 SET COLLATION_CONNECTION=@OLD_COLLATION_CONNECTION */;
/*!40111 SET SQL_NOTES=@OLD_SQL_NOTES */;

-- Dump completed on 2017-12-11  8:43:58
